ID,Name,Price_HUF,Registration_date,Age,Kilometers,Fuel_type,Performance_HP,Performance_kW,Cylinder_capacity_cm3,Transmission,Condition,Color,Nr_pictures,Link
244,FORD FOCUS 1.6 Ti-VCT Champions,2289000,2011,9,150900,Benzin,105,77,1596,Manuális,Normál,Fehér,12,https://www.hasznaltauto.hu/szemelyauto/ford/focus/ford_focus_1_6_ti-vct_champions-16274081
245,FORD FOCUS 1.6 Ti-VCT Trend,2269000,2011,9,155128,Benzin,105,77,1596,Manuális,Kitűnő,Ezüst (metál),12,https://www.hasznaltauto.hu/szemelyauto/ford/focus/ford_focus_1_6_ti-vct_trend-16169313
246,FORD FOCUS 1.0 GTDi EcoBoost Champions,2250000,2012,7.833000000000084,117000,Benzin,125,92,999,Manuális,Kitűnő,Sötétszürke (metál),6,https://www.hasznaltauto.hu/szemelyauto/ford/focus/ford_focus_1_0_gtdi_ecoboost_champions-16117025
247,FORD FOCUS 1.6 Ti-VCT Trend,2250000,2011,9.25,112500,Benzin,105,77,1596,Manuális,Kitűnő,null,6,https://www.hasznaltauto.hu/szemelyauto/ford/focus/ford_focus_1_6_ti-vct_trend-16264028
248,FORD FOCUS 1.0 EcoBoost Trend,2250000,2013,7.5,149000,Benzin,125,92,999,Manuális,Kitűnő,null,12,https://www.hasznaltauto.hu/szemelyauto/ford/focus/ford_focus_1_0_ecoboost_trend-16265304
249,FORD FOCUS 1.6 Ti-VCT Champions ÜLTETETT.FRISSEN SZERVIZELT,2199999,2011,9.583000000000084,128040,Benzin,125,92,1596,Manuális,Megkímélt,Fehér,6,https://www.hasznaltauto.hu/szemelyauto/ford/focus/ford_focus_1_6_ti-vct_champions_ultetett_frissen_szervizelt-16100016
250,FORD FOCUS 1.6 Ti-VCT Trend Plus,2199000,2011,9.5,149000,Benzin,125,92,1596,Manuális,Normál,Fehér,12,https://www.hasznaltauto.hu/szemelyauto/ford/focus/ford_focus_1_6_ti-vct_trend_plus-16297472
251,FORD FOCUS 1.6 SCTI Ecoboost Titanium Aktív Park Asszisztens. Tempomat. Navigáció. Fűthető elektromos ülés,2190000,2011,9.333000000000084,152300,Benzin,150,110,1597,Manuális,Újszerű,Ezüst (metál),12,https://www.hasznaltauto.hu/szemelyauto/ford/focus/ford_focus_1_6_scti_ecoboost_titanium_aktiv_park_asszisztens_tempomat_navigacio_futheto_elektromos_ules-16191825
252,FORD FOCUS 1.6 SCTI Ecoboost Trend,2190000,2011,9.416000000000167,143000,Benzin,150,110,1597,Manuális,Normál,Fekete,12,https://www.hasznaltauto.hu/szemelyauto/ford/focus/ford_focus_1_6_scti_ecoboost_trend-16292484
253,FORD FOCUS 1.6 TDCi Titanium,2190000,2011,9.416000000000167,166000,Dízel,116,85,1560,Manuális,Megkímélt,Fekete (metál),5,https://www.hasznaltauto.hu/szemelyauto/ford/focus/ford_focus_1_6_tdci_titanium-16296930
254,FORD FOCUS 1.6 Ti-VCT Trend Plus EURO5!ISOFIX!TEMPOMAT!,2189000,2011,9.333000000000084,183000,Benzin,105,77,1596,Manuális,Megkímélt,Fekete (metál),12,https://www.hasznaltauto.hu/szemelyauto/ford/focus/ford_focus_1_6_ti-vct_trend_plus_euro5isofixtempomat-16300758
255,FORD FOCUS 1.0 EcoBoost Trend,2150000,2013,7.75,106000,Benzin,101,74,999,Manuális,Megkímélt,null,5,https://www.hasznaltauto.hu/szemelyauto/ford/focus/ford_focus_1_0_ecoboost_trend-16198938
256,FORD FOCUS 1.6 Ti-VCT Trend 160463 Km.Sérülésmentes!,2149000,2011,9.583000000000084,160463,Benzin,105,77,1596,Manuális,Megkímélt,Fekete (metál),12,https://www.hasznaltauto.hu/szemelyauto/ford/focus/ford_focus_1_6_ti-vct_trend_160463_km_serulesmentes-16264628
257,FORD FOCUS 1.6 Ti-VCT Trend Első tulajdonos. 155.000 Km vezetett szerzivkönyv,2147000,2011,8.833000000000084,155000,Benzin,105,77,1596,Manuális,Megkímélt,Kék,8,https://www.hasznaltauto.hu/szemelyauto/ford/focus/ford_focus_1_6_ti-vct_trend_elso_tulajdonos_155_000_km_vezetett_szerzivkonyv-16312624
258,FORD FOCUS 1.6 TDCi Trend Plus GARANCIÁVAL,2099000,2013,7.416000000000167,262080,Dízel,95,70,1560,Manuális,Újszerű,Bíborvörös,12,https://www.hasznaltauto.hu/szemelyauto/ford/focus/ford_focus_1_6_tdci_trend_plus_garanciaval-15927716
259,FORD FOCUS 1.6 TDCi Trend Plus DIGIT KLÍMA. FRISS MŰSZAKI. 6 SEBESSÉG. MAGÁNSZ,2099000,2011,9.166000000000167,139120,Dízel,116,85,1560,Manuális,Normál,Szürke,6,https://www.hasznaltauto.hu/szemelyauto/ford/focus/ford_focus_1_6_tdci_trend_plus_digit_klima_friss_muszaki_6_sebesseg_magansz-16274772
260,FORD FOCUS 1.6 TDCi Trend Plus,2090000,2011,9.333000000000084,135000,Dízel,95,70,1560,Manuális,Normál,Szürke (metál),12,https://www.hasznaltauto.hu/szemelyauto/ford/focus/ford_focus_1_6_tdci_trend_plus-16074537
261,FORD FOCUS 1.6 TDCi Titanium,2050000,2012,8.5,193000,Dízel,116,85,1560,Manuális,Kitűnő,Fehér,6,https://www.hasznaltauto.hu/szemelyauto/ford/focus/ford_focus_1_6_tdci_titanium-16184828
262,FORD FOCUS 1.4 Ambiente klíma. 1 év vagy 30 000 km GARANCIA!,2049000,2010,10.583000000000084,83900,Benzin,80,59,1388,Manuális,Kitűnő,Sötétszürke (metál),12,https://www.hasznaltauto.hu/szemelyauto/ford/focus/ford_focus_1_4_ambiente_klima_1_ev_vagy_30_000_km_garancia-16244137
263,FORD FOCUS 1.6 TDCi Trend MO-i,1999000,2011,8.833000000000084,198446,Dízel,95,70,1560,Manuális,Kitűnő,Szürke (metál),12,https://www.hasznaltauto.hu/szemelyauto/ford/focus/ford_focus_1_6_tdci_trend_mo-i-15521067
264,FORD FOCUS 1.6 TDCi Trend,1999000,2014,6.333000000000084,190600,Dízel,95,70,1560,Manuális,Kitűnő,null,12,https://www.hasznaltauto.hu/szemelyauto/ford/focus/ford_focus_1_6_tdci_trend-15919873
265,FORD FOCUS 1.0 GTDi EcoBoost Technology 121.000KM MULTIKORMANY KLIMA BLUETOOTH,1999000,2012,7.833000000000084,121000,Benzin,101,74,999,Manuális,Normál,Sötétkék (metál),6,https://www.hasznaltauto.hu/szemelyauto/ford/focus/ford_focus_1_0_gtdi_ecoboost_technology_121_000km_multikormany_klima_bluetooth-16194110
266,FORD FOCUS 1.6 TDCi Trend,1990000,2011,9.5,132303,Dízel,116,85,1560,Manuális,Megkímélt,Szürke (metál),12,https://www.hasznaltauto.hu/szemelyauto/ford/focus/ford_focus_1_6_tdci_trend-15878698
267,FORD FOCUS ECOSPORT,1910000,2010,10.75,91370,Dízel,90,66,1600,Manuális,Újszerű,Szürke,6,https://www.hasznaltauto.hu/szemelyauto/ford/focus/ford_focus_ecosport-15975465
268,FORD FOCUS 1.6 TDCi ECOnetic II,1950000,2011,8.833000000000084,259466,Dízel,109,80,1560,Manuális,Kitűnő,Piros (metál),6,https://www.hasznaltauto.hu/szemelyauto/ford/focus/ford_focus_1_6_tdci_econetic_ii-16094717
269,FORD FOCUS 1.6 TDCi Champions ALACSONY FOGYASZTÁS-JÓ ÁLLAPOT-TEMPOMAT-MULTIKORMÁNY-LEINFORMÁLHATÓ-VALÓS KM!,1950000,2012,8.166000000000167,165750,Dízel,95,70,1560,Manuális,Megkímélt,Ezüst (metál),12,https://www.hasznaltauto.hu/szemelyauto/ford/focus/ford_focus_1_6_tdci_champions_alacsony_fogyasztas-jo_allapot-tempomat-multikormany-leinformalhato-valos_km-16207841
270,FORD FOCUS 1.6 TDCi Trend Magyarországi. frissen szervizelt,1949000,2014,6.583000000000084,163489,Dízel,95,70,1560,Manuális,Kitűnő,null,6,https://www.hasznaltauto.hu/szemelyauto/ford/focus/ford_focus_1_6_tdci_trend_magyarorszagi_frissen_szervizelt-16177774
271,FORD FOCUS 1.6 Fresh DIGIT KLÍMA-159e KM,1899000,2011,9.25,159734,Benzin,101,74,1596,Manuális,Normál,Fekete (metál),12,https://www.hasznaltauto.hu/szemelyauto/ford/focus/ford_focus_1_6_fresh_digit_klima-159e_km-16120226
272,FORD FOCUS 1.6 Titanium SZERVIZKÖNYV,1899000,2010,9.916000000000167,148000,Benzin,101,74,1596,Manuális,Megkímélt,Fehér,6,https://www.hasznaltauto.hu/szemelyauto/ford/focus/ford_focus_1_6_titanium_szervizkonyv-16250828
273,FORD FOCUS 1.6 TDCi Trend Plus,1899000,2013,7.416000000000167,271224,Dízel,116,85,1560,Manuális,Megkímélt,Világosszürke (metál),11,https://www.hasznaltauto.hu/szemelyauto/ford/focus/ford_focus_1_6_tdci_trend_plus-16289878
274,FORD FOCUS 1.6 Fresh Magyarországi !!!,1899000,2011,9.416000000000167,186000,Benzin,101,74,1596,Manuális,Megkímélt,Kék,12,https://www.hasznaltauto.hu/szemelyauto/ford/focus/ford_focus_1_6_fresh_magyarorszagi-16299545
275,FORD FOCUS 1.6 Fresh EURO5 130.841 KM. ELSŐ TULAJOS !,1899000,2011,9.416000000000167,130841,Benzin,101,74,1596,Manuális,Kitűnő,null,12,https://www.hasznaltauto.hu/szemelyauto/ford/focus/ford_focus_1_6_fresh_euro5_130_841_km_elso_tulajos-16302109
276,FORD FOCUS 1.6 Fresh EURO5 SZ-KÖNYV!TEMPOMAT!,1895000,2011,9.166000000000167,138215,Benzin,101,74,1596,Manuális,Megkímélt,Fekete (metál),12,https://www.hasznaltauto.hu/szemelyauto/ford/focus/ford_focus_1_6_fresh_euro5_sz-konyvtempomat-16275319
277,FORD FOCUS 1.6 TDCi Trend,1890000,2013,7.5,281467,Dízel,95,70,1560,Manuális,Megkímélt,Sötétkék,6,https://www.hasznaltauto.hu/szemelyauto/ford/focus/ford_focus_1_6_tdci_trend-15653308
278,FORD FOCUS 1.6 TDCi Technology újszerű állapot,1890000,2014,6.75,237800,Dízel,95,70,1560,Manuális,Kitűnő,Ezüst (metál),12,https://www.hasznaltauto.hu/szemelyauto/ford/focus/ford_focus_1_6_tdci_technology_ujszeru_allapot-16099447
279,FORD FOCUS 1.0 GTDi EcoBoost Trend,1890000,2012,7.833000000000084,174900,Benzin,101,74,999,Manuális,Normál,Sötétkék,6,https://www.hasznaltauto.hu/szemelyauto/ford/focus/ford_focus_1_0_gtdi_ecoboost_trend-16225475
280,FORD FOCUS 1.6 Ti-VCT Ghia 124e Km - Tempomat - ülésfűtés - digit klíma,1887000,2010,10.166000000000167,124000,Benzin,116,85,1596,Manuális,Normál,Fekete (metál),9,https://www.hasznaltauto.hu/szemelyauto/ford/focus/ford_focus_1_6_ti-vct_ghia_124e_km_-_tempomat_-_ulesfutes_-_digit_klima-16215951
281,FORD FOCUS 1.6 FRESH M.O. 145 000 km,1877000,2011,9.166000000000167,145353,Benzin,101,74,1596,Automata,Normál,Fekete (metál),10,https://www.hasznaltauto.hu/szemelyauto/ford/focus/ford_focus_1_6_fresh_m_o_145_000_km-16213681
282,FORD FOCUS 1.6 Fresh EURO5 KLÍMA-TEMPOMAT-KITŰNŐ ÁLLAPOT!,1849000,2011,9.416000000000167,145680,Benzin,101,74,1596,Manuális,Kitűnő,Fekete (metál),12,https://www.hasznaltauto.hu/szemelyauto/ford/focus/ford_focus_1_6_fresh_euro5_klima-tempomat-kituno_allapot-16294919
283,FORD FOCUS 2.0 TDCi Ghia DPF SMENTES-SZKÖNYV-172000 KM-NAPFÉNYTETŐ!,1799000,2010,10.583000000000084,172000,Dízel,136,100,1997,Manuális,Sérülésmentes,Kék (metál),12,https://www.hasznaltauto.hu/szemelyauto/ford/focus/ford_focus_2_0_tdci_ghia_dpf_smentes-szkonyv-172000_km-napfenyteto-15542882
284,FORD FOCUS 1.6 TDCi Fresh DPF EURO5 171000 KM,1799000,2012,8.083000000000084,171000,Dízel,109,80,1560,Manuális,Kitűnő,Kék (metál),10,https://www.hasznaltauto.hu/szemelyauto/ford/focus/ford_focus_1_6_tdci_fresh_dpf_euro5_171000_km-16116803
285,FORD FOCUS 1.6 TDCi Titanium,1799000,2012,8.666000000000167,235500,Dízel,95,70,1560,Manuális,Kitűnő,null,6,https://www.hasznaltauto.hu/szemelyauto/ford/focus/ford_focus_1_6_tdci_titanium-16207028
286,FORD FOCUS 1.6 Fresh ABS+KLÍMA !!!,1799000,2010,10,135000,Benzin,101,74,1596,Manuális,Megkímélt,Fekete (metál),6,https://www.hasznaltauto.hu/szemelyauto/ford/focus/ford_focus_1_6_fresh_abs_plusz_klima-16276417
287,FORD FOCUS 1.6 Fresh EURO5 Megkímélt állapot.szervízkönyv.2 kulcs,1780000,2010,10.583000000000084,151000,Benzin,101,74,1596,Manuális,Kitűnő,Ezüst (metál),12,https://www.hasznaltauto.hu/szemelyauto/ford/focus/ford_focus_1_6_fresh_euro5_megkimelt_allapot_szervizkonyv_2_kulcs-15940400
288,FORD FOCUS 1.6 TDCi Titanium,1780000,2012,8.416000000000167,163180,Dízel,116,85,1560,Manuális,Megkímélt,Szürke,6,https://www.hasznaltauto.hu/szemelyauto/ford/focus/ford_focus_1_6_tdci_titanium-16310696
289,FORD FOCUS 1.6 Fresh Friss Műszaki!,1750000,2010,10.666000000000167,194000,Benzin,101,74,1596,Manuális,Normál,Világoskék (metál),11,https://www.hasznaltauto.hu/szemelyauto/ford/focus/ford_focus_1_6_fresh_friss_muszaki-16290364
290,FORD FOCUS 1.6 Fresh EURO5 NAGYON SZÉP ÁLLAPOTÚ 2DB KULCS,1749000,2011,9.5,140000,Benzin,101,74,1596,Manuális,Kitűnő,Fekete (metál),12,https://www.hasznaltauto.hu/szemelyauto/ford/focus/ford_focus_1_6_fresh_euro5_nagyon_szep_allapotu_2db_kulcs-16235844
291,FORD FOCUS 1.6 TDCi Fresh DPF,1725000,2011,9.5,197000,Dízel,116,85,1598,Manuális,Megkímélt,Ezüst,5,https://www.hasznaltauto.hu/szemelyauto/ford/focus/ford_focus_1_6_tdci_fresh_dpf-16192510
292,FORD FOCUS 1.6 TDCi Trend Plus,1700000,2011,9.166000000000167,207500,Dízel,95,70,NA,Manuális,Megkímélt,null,3,https://www.hasznaltauto.hu/szemelyauto/ford/focus/ford_focus_1_6_tdci_trend_plus-16195080
293,FORD FOCUS 1.0 EcoBoost '99g' Trend,1700000,2014,6.75,221000,Benzin,101,74,999,Manuális,Kitűnő,Fehér,6,https://www.hasznaltauto.hu/szemelyauto/ford/focus/ford_focus_1_0_ecoboost_99g_trend-16226291
294,FORD FOCUS 1.6 Fresh EURO5 174000KM!Alufelni ! digitklima!,1690000,2011,8.916000000000167,174000,Benzin,101,74,1596,Manuális,Kitűnő,Ezüst (metál),6,https://www.hasznaltauto.hu/szemelyauto/ford/focus/ford_focus_1_6_fresh_euro5_174000kmalufelni_digitklima-15890405
295,FORD FOCUS 1.6 Fresh EURO5,1670000,2011,9.25,194000,Benzin,101,74,1596,Manuális,Normál,Ezüst (metál),6,https://www.hasznaltauto.hu/szemelyauto/ford/focus/ford_focus_1_6_fresh_euro5-16276737
296,FORD FOCUS 1.6 TDCi Trend Plus,1649000,2012,7.833000000000084,265000,Dízel,95,70,1560,Manuális,Kitűnő,Fehér,6,https://www.hasznaltauto.hu/szemelyauto/ford/focus/ford_focus_1_6_tdci_trend_plus-16097524
297,FORD FOCUS 1.6 TDCi Trend Mo,1630000,2012,8.25,192000,Dízel,95,70,1560,Manuális,Megkímélt,Fehér,6,https://www.hasznaltauto.hu/szemelyauto/ford/focus/ford_focus_1_6_tdci_trend_mo-16264402
298,FORD FOCUS 1.6 Ghia,1600000,2010,10.166000000000167,213000,Benzin,101,74,1596,Manuális,Normál,Ezüst,6,https://www.hasznaltauto.hu/szemelyauto/ford/focus/ford_focus_1_6_ghia-16255632
299,FORD FOCUS 1.6 TDCi Trend Mo-i.Szervizkönyves,1599000,2011,9.333000000000084,215000,Dízel,95,70,1560,Manuális,Megkímélt,Narancs (metál),6,https://www.hasznaltauto.hu/szemelyauto/ford/focus/ford_focus_1_6_tdci_trend_mo-i_szervizkonyves-16102096
300,FORD FOCUS 1.6 Fresh Első tulajtól,1599000,2010,9.916000000000167,116134,Benzin,101,74,1596,Manuális,Megkímélt,Fekete (metál),11,https://www.hasznaltauto.hu/szemelyauto/ford/focus/ford_focus_1_6_fresh_elso_tulajtol-16192371
301,FORD FOCUS 1.0 EcoBoost '99g' Trend,1590000,2014,6.75,221331,Benzin,101,74,999,Manuális,Normál,Fehér,8,https://www.hasznaltauto.hu/szemelyauto/ford/focus/ford_focus_1_0_ecoboost_99g_trend-15890742
302,FORD FOCUS 1.6 TDCi Champions ülésfűtés. parkradar,1590000,2013,7.666000000000167,293000,Dízel,95,70,1560,Manuális,Normál,Bordó,6,https://www.hasznaltauto.hu/szemelyauto/ford/focus/ford_focus_1_6_tdci_champions_ulesfutes_parkradar-16121998
303,FORD FOCUS 1.6 TDCi Trend DIGITKLÍMA!,1590000,2011,9.083000000000084,155900,Dízel,116,85,1560,Manuális,Normál,Ezüst (metál),11,https://www.hasznaltauto.hu/szemelyauto/ford/focus/ford_focus_1_6_tdci_trend_digitklima-16258567
304,FORD FOCUS 1.6 Ambiente ALUFELNI!KLÍMA!ELSŐ TULAJ!SZERVÍZKÖNYV!START-STOP!,1589000,2010,10.75,187990,Benzin,101,74,1596,Manuális,Megkímélt,Fekete,6,https://www.hasznaltauto.hu/szemelyauto/ford/focus/ford_focus_1_6_ambiente_alufelniklimaelso_tulajszervizkonyvstart-stop-15988497
305,FORD FOCUS 1.6 Fresh ALUFELNI!BŐR MULTIKORMÁNY!GYÁRI HIFI!ELSŐ TULAJDONOS!,1588000,2010,10,226125,Benzin,101,74,1596,Manuális,Megkímélt,Fehér,6,https://www.hasznaltauto.hu/szemelyauto/ford/focus/ford_focus_1_6_fresh_alufelnibor_multikormanygyari_hifielso_tulajdonos-16248117
306,FORD FOCUS 1.6 TDCi Trend Magyar,1549000,2014,6.583000000000084,242771,Dízel,116,85,1560,Manuális,Normál,Ezüst,12,https://www.hasznaltauto.hu/szemelyauto/ford/focus/ford_focus_1_6_tdci_trend_magyar-16187672
307,FORD FOCUS 1.6 TDCi Fresh DPF MAGYAR ÜZEMBEHELYEZÉSŰ KEZDETTŐL FOGVA.Első tulajdonos!!!,1490000,2011,9.333000000000084,166510,Dízel,90,66,1560,Manuális,Megkímélt,Kék,11,https://www.hasznaltauto.hu/szemelyauto/ford/focus/ford_focus_1_6_tdci_fresh_dpf_magyar_uzembehelyezesu_kezdettol_fogva_elso_tulajdonos-15978033
308,FORD FOCUS 1.6 TDCi Titanium DPF EURO5,1490000,2011,9.666000000000167,191381,Dízel,109,80,1560,Manuális,Normál,null,6,https://www.hasznaltauto.hu/szemelyauto/ford/focus/ford_focus_1_6_tdci_titanium_dpf_euro5-16136783
309,FORD FOCUS 1.6 Ambiente EDITION ! NAVI ! VEZ.SZ.KÖNYV !,1485000,2010,10.75,175000,Benzin,101,74,1596,Manuális,Megkímélt,null,10,https://www.hasznaltauto.hu/szemelyauto/ford/focus/ford_focus_1_6_ambiente_edition_navi_vez_sz_konyv-16312513
310,FORD FOCUS 1.6 TDCi Ambiente,1450000,2010,10.75,172000,Dízel,90,66,1560,Manuális,Megkímélt,Szürke,6,https://www.hasznaltauto.hu/szemelyauto/ford/focus/ford_focus_1_6_tdci_ambiente-16267341
311,FORD FOCUS 1.8 TDCi Fresh DIGIT KLÍMA,1299000,2010,10.416000000000167,188765,Dízel,116,85,1753,Manuális,Normál,Fehér,11,https://www.hasznaltauto.hu/szemelyauto/ford/focus/ford_focus_1_8_tdci_fresh_digit_klima-15712865
312,FORD FOCUS 1.4 Trend,1299000,2010,10.083000000000084,164258,Benzin,80,59,1388,Manuális,Normál,Fehér,10,https://www.hasznaltauto.hu/szemelyauto/ford/focus/ford_focus_1_4_trend-16176409
313,FORD FOCUS 1.6 TDCi Ambiente,1290000,2010,10.75,251500,Dízel,90,66,1560,Manuális,Normál,Szürke,4,https://www.hasznaltauto.hu/szemelyauto/ford/focus/ford_focus_1_6_tdci_ambiente-15872785
314,FORD FOCUS 1.6 TDCi Fresh,1290000,2010,9.916000000000167,205000,Dízel,90,66,1560,Manuális,Megkímélt,Fehér,6,https://www.hasznaltauto.hu/szemelyauto/ford/focus/ford_focus_1_6_tdci_fresh-15993481
315,FORD FOCUS 1.6 TDCi Champions,1280000,2011,9.25,391240,Dízel,116,85,1560,Manuális,Normál,null,9,https://www.hasznaltauto.hu/szemelyauto/ford/focus/ford_focus_1_6_tdci_champions-15785551
316,FORD FOCUS 1.6 Ambiente,1269000,2011,9.333000000000084,180000,Benzin,101,74,1596,Manuális,Normál,null,6,https://www.hasznaltauto.hu/szemelyauto/ford/focus/ford_focus_1_6_ambiente-16163707
317,FORD FOCUS 1.6 Fresh EURO5,1100000,2011,9.666000000000167,233000,Benzin,101,74,1596,Manuális,Normál,null,6,https://www.hasznaltauto.hu/szemelyauto/ford/focus/ford_focus_1_6_fresh_euro5-16285794
318,FORD FOCUS 1.6 TDCi Titanium,1249000,2012,8.75,390,Dízel,116,85,1560,Manuális,Normál,Sötétszürke,3,https://www.hasznaltauto.hu/szemelyauto/ford/focus/ford_focus_1_6_tdci_titanium-16225879
319,FORD FOCUS 1.6 TDCi Fresh DPF,1150000,2011,9.333000000000084,224388,Dízel,90,66,1560,Manuális,Megkímélt,Ezüst,10,https://www.hasznaltauto.hu/szemelyauto/ford/focus/ford_focus_1_6_tdci_fresh_dpf-16244446
320,FORD FOCUS 1.6 Fresh EURO5,1150000,2010,10.583000000000084,142000,Dízel,109,80,1596,Manuális,Kitűnő,Szürke,5,https://www.hasznaltauto.hu/szemelyauto/ford/focus/ford_focus_1_6_fresh_euro5-16303554
321,FORD FOCUS 1.6 TDCi Fresh,1099000,2010,10.416000000000167,309000,Dízel,90,66,1560,Manuális,Kitűnő,null,5,https://www.hasznaltauto.hu/szemelyauto/ford/focus/ford_focus_1_6_tdci_fresh-16292911
322,FORD FOCUS 1.6 TDCi Fresh,990000,2010,10.166000000000167,292000,Dízel,90,66,1560,Manuális,Normál,Fekete (metál),6,https://www.hasznaltauto.hu/szemelyauto/ford/focus/ford_focus_1_6_tdci_fresh-16216428
323,FORD FOCUS 1.6 TDCi Fresh DPF,930000,2010,10.25,199000,Dízel,90,66,1560,Manuális,Normál,Fekete (metál),6,https://www.hasznaltauto.hu/szemelyauto/ford/focus/ford_focus_1_6_tdci_fresh_dpf-16261259
324,FORD FOCUS 1.6 Fresh,880000,2011,9.75,373000,Benzin/Gáz,101,74,1596,Manuális,Normál,Fehér,5,https://www.hasznaltauto.hu/szemelyauto/ford/focus/ford_focus_1_6_fresh-16284697
325,FORD FOCUS 1.0 EcoBoost Titanium GARANCIÁLIS MAGASAN FELSZERELT ÚJSZERŰ!,5490000,2020,0.75,6120,Benzin,125,92,999,Manuális,Újszerű,Piros,12,https://www.hasznaltauto.hu/szemelyauto/ford/focus/ford_focus_1_0_ecoboost_titanium_garancialis_magasan_felszerelt_ujszeru-16311647
326,FORD FOCUS 1.6 Ti-VCT Technology M.o.i vezetett szervízkönyv. Áfás ár! 3 év gyári garancia!,4190000,2018,2.6660000000001673,60191,Benzin,125,92,1596,Manuális,Normál,Fekete (metál),9,https://www.hasznaltauto.hu/szemelyauto/ford/focus/ford_focus_1_6_ti-vct_technology_m_o_i_vezetett_szervizkonyv_afas_ar_3_ev_gyari_garancia-15807882
327,FORD FOCUS 1.5 TDCI Trend MO-i.Egy tulajdonos.Ford-nál szervizelt.Áfá-s ár.Garanciális!,3990000,2018,1.8330000000000837,53651,Dízel,120,88,1499,Manuális,Megkímélt,Ezüst,12,https://www.hasznaltauto.hu/szemelyauto/ford/focus/ford_focus_1_5_tdci_trend_mo-i_egy_tulajdonos_ford-nal_szervizelt_afa-s_ar_garancialis-16300039
328,FORD FOCUS 1.6 Ti-VCT Titanium,3290000,2015,5.5,112000,Benzin,125,92,1596,Manuális,Kitűnő,Fekete,8,https://www.hasznaltauto.hu/szemelyauto/ford/focus/ford_focus_1_6_ti-vct_titanium-16219698
329,FORD FOCUS 1.5 TDCI Technology Mo-i!1.Tulaj!126.759Km!ÁFÁ-s!,2950000,2015,4.916000000000167,126759,Dízel,95,70,1499,Manuális,Újszerű,Szürke (metál),6,https://www.hasznaltauto.hu/szemelyauto/ford/focus/ford_focus_1_5_tdci_technology_mo-i1_tulaj126_759kmafa-s-16256477
330,FORD FOCUS 1.5 TDCI Titanium 1 ÉV GARANCIA-KÖNYV-CARPLAY,2799999,2017,3.25,112000,Dízel,105,77,1499,Manuális,Normál,Fehér,11,https://www.hasznaltauto.hu/szemelyauto/ford/focus/ford_focus_1_5_tdci_titanium_1_ev_garancia-konyv-carplay-16191283
331,FORD FOCUS 1.5 TDCI Technology Powershift Kihagyhatatlan ajánlat!,2799000,2015,5.25,163079,Dízel,120,88,1499,Automata,Normál,Szürke,12,https://www.hasznaltauto.hu/szemelyauto/ford/focus/ford_focus_1_5_tdci_technology_powershift_kihagyhatatlan_ajanlat-15466733
332,FORD FOCUS 1.6 Ti-VCT Trend + 2 ÉV GARANCIA !!! 81 E Km !!! ÜLÉSFŰTÉS-TOLATÓRADAR,2790000,2012,8.666000000000167,80950,Benzin,125,92,1596,Manuális,Kitűnő,Ezüst (metál),12,https://www.hasznaltauto.hu/szemelyauto/ford/focus/ford_focus_1_6_ti-vct_trend_plusz_2_ev_garancia_81_e_km_ulesfutes-tolatoradar-16195534
333,FORD FOCUS 1.6 TDCi Trend 99ekm/Mo-i/1tul/szkönyv/GARANCIA!,2899999,2014,6.75,98920,Dízel,95,70,1560,Manuális,Sérülésmentes,Barna (metál),12,https://www.hasznaltauto.hu/szemelyauto/ford/focus/ford_focus_1_6_tdci_trend_99ekm_mo-i_1tul_szkonyv_garancia-16307995
334,FORD FOCUS 2.0 TDCi Titanium 163LE,2580000,2011,8.833000000000084,200500,Dízel,163,120,1997,Manuális,Megkímélt,Aranysárga (metál),5,https://www.hasznaltauto.hu/szemelyauto/ford/focus/ford_focus_2_0_tdci_titanium_163le-16254083
335,FORD FOCUS 1.6 Ti-VCT Technology NAVIGÁCIÓ. PARKOLÓ RADAR. HIBÁTLAN. GARANCIÁLIS,2499000,2013,7.75,129870,Benzin,125,92,1596,Manuális,Újszerű,Fehér (metál),12,https://www.hasznaltauto.hu/szemelyauto/ford/focus/ford_focus_1_6_ti-vct_technology_navigacio_parkolo_radar_hibatlan_garancialis-16311356
336,FORD FOCUS 1.6 SCTI Ecoboost Trend Plus Karambolmentes! Végig vez.Szkönyv! Ökulcs! 126e km! Újszerű! Akciós ár!,2399999,2011,9.166000000000167,126000,Benzin,150,110,1597,Manuális,Újszerű,Fekete (metál),12,https://www.hasznaltauto.hu/szemelyauto/ford/focus/ford_focus_1_6_scti_ecoboost_trend_plus_karambolmentes_vegig_vez_szkonyv_okulcs_126e_km_ujszeru_akcios_ar-16243759
337,FORD FOCUS 1.6 TDCi Champions Mo-i!1.Tulaj!ÁFÁ-s!,2390000,2013,7.166000000000167,127684,Dízel,95,70,1560,Manuális,Újszerű,Szürke (metál),6,https://www.hasznaltauto.hu/szemelyauto/ford/focus/ford_focus_1_6_tdci_champions_mo-i1_tulajafa-s-16256568
338,FORD FOCUS 1.6 Fresh EURO5 101 LÓERŐS-GARANTÁLT KM!,2290000,2011,9.416000000000167,134216,Benzin,101,74,1596,Manuális,Normál,null,12,https://www.hasznaltauto.hu/szemelyauto/ford/focus/ford_focus_1_6_fresh_euro5_101_loeros-garantalt_km-16276034
339,FORD FOCUS 2.0 Titanium NAVI.Ülésfűtés.Digitklíma.Bluetooth.Félbőr.KeylessGo,1990000,2010,9.916000000000167,139046,Benzin,145,107,1999,Manuális,Normál,Fehér,12,https://www.hasznaltauto.hu/szemelyauto/ford/focus/ford_focus_2_0_titanium_navi_ulesfutes_digitklima_bluetooth_felbor_keylessgo-16186354
340,FORD FOCUS 1.6 TDCi Titanium,1850000,2011,9.083000000000084,248254,Dízel,116,85,1560,Manuális,Normál,Fekete (metál),6,https://www.hasznaltauto.hu/szemelyauto/ford/focus/ford_focus_1_6_tdci_titanium-16277458
341,FORD FOCUS 1.4 Trend Ecosport,1750000,2010,10.75,125458,Benzin,80,59,1388,Manuális,Kitűnő,Fekete (metál),11,https://www.hasznaltauto.hu/szemelyauto/ford/focus/ford_focus_1_4_trend_ecosport-16242276
342,FORD FOCUS 1.6 Titanium +++ELSŐ TULAJDONOSTÓL++ MO-I++GARANTALT KM++TÖRÉSMENTES++DUPLA DIGIT KLÍMA,1650000,2011,8.916000000000167,220000,Benzin,101,74,1596,Manuális,Kitűnő,Ezüst (metál),11,https://www.hasznaltauto.hu/szemelyauto/ford/focus/ford_focus_1_6_titanium_plusz_plusz_plusz_elso_tulajdonostol_plusz_plusz_mo-i_plusz_plusz_garantalt_km_plusz_plusz_toresmentes_plusz_plusz_dupla_digit_klima-16300964
345,FORD FOCUS 2.3 EcoBoost RS AWD S S ÁFÁ-s átadási ár,12690000,2017,3.0830000000000837,61350,Benzin,349,257,2300,Manuális,Kitűnő,Fekete (metál),6,https://www.hasznaltauto.hu/szemelyauto/ford/focus/ford_focus_2_3_ecoboost_rs_awd_s_s_afa-s_atadasi_ar-16154362
346,FORD FOCUS 2.3 EcoBoost RS+ AWD S S RajtA 4Mod 350le,12490000,2018,2.5830000000000837,20500,Benzin,349,257,2300,Manuális,Normál,Sötétszürke (metál),12,https://www.hasznaltauto.hu/szemelyauto/ford/focus/ford_focus_2_3_ecoboost_rs_plusz_awd_s_s_rajta_4mod_350le-15000929
347,FORD FOCUS 2.3 EcoBoost RS AWD S S ÁFA-S ÁR. FULL EXTRA. NAVI. RECARO BŐR. ÜLÉS ÉS KORMÁNYFŰTÉS. TÁBLAFELISMERŐ. TO,11390000,2018,2.5,23924,Benzin,349,257,2300,Manuális,Kitűnő,Szürke (metál),12,https://www.hasznaltauto.hu/szemelyauto/ford/focus/ford_focus_2_3_ecoboost_rs_awd_s_s_afa-s_ar_full_extra_navi_recaro_bor_ules_es_kormanyfutes_tablafelismero_to-15591659
348,FORD FOCUS 2.3 EcoBoost RS+ AWD S S WOLF TUNING 400PS VOLL,10990000,2016,4.333000000000084,34000,Benzin,402,296,2300,Manuális,Megkímélt,Szürke,12,https://www.hasznaltauto.hu/szemelyauto/ford/focus/ford_focus_2_3_ecoboost_rs_plusz_awd_s_s_wolf_tuning_400ps_voll-16075815
349,FORD FOCUS 2.3 EcoBoost RS AWD S S,10900000,2017,3.1660000000001673,20300,Benzin,349,257,2300,Manuális,Újszerű,Kék,6,https://www.hasznaltauto.hu/szemelyauto/ford/focus/ford_focus_2_3_ecoboost_rs_awd_s_s-16204136
350,FORD FOCUS 2.3 EcoBoost RS AWD S S VEZETETT SZERVÍZKÖNYVES!!!! 13736 KM!!!!!!!!!!!!!!,10590000,2017,3.5830000000000837,13736,Benzin,349,257,2300,Manuális,Kitűnő,Fehér,12,https://www.hasznaltauto.hu/szemelyauto/ford/focus/ford_focus_2_3_ecoboost_rs_awd_s_s_vezetett_szervizkonyves_13736_km-16157871
351,FORD FOCUS 2.3 EcoBoost RS AWD S S BLACK EDITION. TULAJDONOSTÓL,10450000,2016,4.166000000000167,18900,Benzin,349,257,2300,Manuális,Újszerű,Fekete,10,https://www.hasznaltauto.hu/szemelyauto/ford/focus/ford_focus_2_3_ecoboost_rs_awd_s_s_black_edition_tulajdonostol-16208840
352,FORD FOCUS 1.5 TDCI Titanium,8299999,2019,1.6660000000001673,57500,Dízel,120,88,1499,Manuális,Kitűnő,Kék (metál),6,https://www.hasznaltauto.hu/szemelyauto/ford/focus/ford_focus_1_5_tdci_titanium-16268735
353,FORD FOCUS 2.0 EcoBoost ST3 ÚjAutó Sportautó,7999999,2018,2.3330000000000837,8500,Benzin,250,184,2000,Manuális,Kitűnő,Fekete,6,https://www.hasznaltauto.hu/szemelyauto/ford/focus/ford_focus_2_0_ecoboost_st3_ujauto_sportauto-15055289
354,FORD FOCUS 2.3 EcoBoost RS+ AWD S S,7899999,2016,3.9160000000001673,145000,Benzin,349,257,2300,Manuális,Megkímélt,null,6,https://www.hasznaltauto.hu/szemelyauto/ford/focus/ford_focus_2_3_ecoboost_rs_plusz_awd_s_s-16231526
355,FORD FOCUS 1.0 EcoBoost ST-line,7699999,2019,1,29900,Benzin,125,92,999,Automata,Kitűnő,Ezüst (metál),6,https://www.hasznaltauto.hu/szemelyauto/ford/focus/ford_focus_1_0_ecoboost_st-line-16268202
356,FORD FOCUS 1.5 EcoBoost Vignale (Automata) 13.800 KM! MO-I! 1 TUL!,7490000,2019,1.6660000000001673,13800,Benzin,150,110,1497,Automata,Újszerű,null,6,https://www.hasznaltauto.hu/szemelyauto/ford/focus/ford_focus_1_5_ecoboost_vignale_automata_13_800_km_mo-i_1_tul-16042781
357,FORD FOCUS 1.5 TDCI ST-line l LED l Kamera l Navi l TESZTAUTÓ - FORD PETRÁNYI,7490000,2020,0.6660000000001673,11000,Dízel,120,88,1499,Manuális,Újszerű,Ezüst (metál),4,https://www.hasznaltauto.hu/szemelyauto/ford/focus/ford_focus_1_5_tdci_st-line_l_led_l_kamera_l_navi_l_tesztauto_-_ford_petranyi-16185774
358,FORD FOCUS 1.5 EcoBoost ST-Line Tesztautó!,7299000,2020,0.3330000000000837,220,Benzin,150,110,1497,Manuális,Kitűnő,Fehér,6,https://www.hasznaltauto.hu/szemelyauto/ford/focus/ford_focus_1_5_ecoboost_st-line_tesztauto-16181474
359,FORD FOCUS 1.0 EcoBoost ST-line,6999000,2019,0.8330000000000837,10,Benzin,125,92,999,Manuális,Újszerű,Kék (metál),3,https://www.hasznaltauto.hu/szemelyauto/ford/focus/ford_focus_1_0_ecoboost_st-line-15534648
360,FORD FOCUS 2.0 EcoBoost ST2,6990000,2018,2.75,39800,Benzin,305,224,2000,Manuális,Kitűnő,null,12,https://www.hasznaltauto.hu/szemelyauto/ford/focus/ford_focus_2_0_ecoboost_st2-16297865
361,FORD FOCUS 1.0 EcoBoost Active (Automata) RENDKÍVÜLI. LIMITÁLT AKCIÓ! HSTFS0091510,6700000,2019,1.5,11118,Benzin,125,92,999,Automata,Újszerű,Pezsgő (metál),12,https://www.hasznaltauto.hu/szemelyauto/ford/focus/ford_focus_1_0_ecoboost_active_automata_rendkivuli_limitalt_akcio_hstfs0091510-16205876
362,FORD FOCUS 1.0 EcoBoost Active GARANCIÁLIS! FANTASZTIKUS! MINT AZ ÚJ!,6499000,2019,1.1660000000001673,10725,Benzin,125,92,999,Manuális,Újszerű,Törtfehér (metál),10,https://www.hasznaltauto.hu/szemelyauto/ford/focus/ford_focus_1_0_ecoboost_active_garancialis_fantasztikus_mint_az_uj-16090549
363,FORD FOCUS 1.5 TDCI ST-line M.o-i üzembehelyezés!!!,6490000,2019,1.1660000000001673,22000,Dízel,120,88,1499,Manuális,Újszerű,Világosszürke,6,https://www.hasznaltauto.hu/szemelyauto/ford/focus/ford_focus_1_5_tdci_st-line_m_o-i_uzembehelyezes-16288073
364,FORD FOCUS 1.0 EcoBoost ST-line,6250000,2018,2.4160000000001673,15500,Benzin,125,92,999,Manuális,Újszerű,Fehér,6,https://www.hasznaltauto.hu/szemelyauto/ford/focus/ford_focus_1_0_ecoboost_st-line-16178554
365,FORD FOCUS 1.5 TDCI ST-line Powershift,6150000,2018,2.1660000000001673,40100,Dízel,120,88,1499,Automata,Kitűnő,Kék (metál),4,https://www.hasznaltauto.hu/szemelyauto/ford/focus/ford_focus_1_5_tdci_st-line_powershift-16001935
366,FORD FOCUS 1.0 EcoBoost Titanium Garanciális kevés kilométer Mozgáskorlátozott utlvány beváltható! Demo autó,6000000,2018,2.4160000000001673,7625,Benzin,125,92,999,Manuális,Újszerű,null,12,https://www.hasznaltauto.hu/szemelyauto/ford/focus/ford_focus_1_0_ecoboost_titanium_garancialis_keves_kilometer_mozgaskorlatozott_utlvany_bevalthato_demo_auto-16257966
367,FORD FOCUS 1.5 TDCI Titanium 18E KM. MAGYARORSZÁGI. GARANCIÁLIS,5890000,2018,2.0830000000000837,17950,Dízel,120,88,1499,Manuális,Normál,null,8,https://www.hasznaltauto.hu/szemelyauto/ford/focus/ford_focus_1_5_tdci_titanium_18e_km_magyarorszagi_garancialis-15890845
368,FORD FOCUS 1.0 EcoBoost ST-line RENDKÍVÜLI. LIMITÁLT AKCIÓ! HSTFS0091510,5800000,2019,1.6660000000001673,15452,Benzin,125,92,999,Manuális,Újszerű,Kék (metál),12,https://www.hasznaltauto.hu/szemelyauto/ford/focus/ford_focus_1_0_ecoboost_st-line_rendkivuli_limitalt_akcio_hstfs0091510-16205367
369,FORD FOCUS 1.5 TDCI ST-line Black,5690000,2018,2.25,14924,Dízel,120,88,1499,Manuális,Újszerű,Fekete,6,https://www.hasznaltauto.hu/szemelyauto/ford/focus/ford_focus_1_5_tdci_st-line_black-15851255
370,FORD FOCUS 1.5 PFi Business 1500KM-es ÚJ AUTÓ,5599999,2019,0.9160000000001673,1500,Benzin,124,91,1498,Manuális,Újszerű,Kék (metál),10,https://www.hasznaltauto.hu/szemelyauto/ford/focus/ford_focus_1_5_pfi_business_1500km-es_uj_auto-16249003
371,FORD FOCUS 1.5 TDCI Business,5490000,2018,2.0830000000000837,14250,Dízel,120,88,1499,Manuális,Újszerű,Bordó (metál),6,https://www.hasznaltauto.hu/szemelyauto/ford/focus/ford_focus_1_5_tdci_business-15926836
372,FORD FOCUS 2.0 EcoBoost ST3 Powershift S S ÚJ GUMIK.RECARO ÜLÉSEK.JÓL FELSZERELT,5290000,2016,4.333000000000084,76000,Benzin,250,184,2000,Automata,Kitűnő,Szürke,11,https://www.hasznaltauto.hu/szemelyauto/ford/focus/ford_focus_2_0_ecoboost_st3_powershift_s_s_uj_gumik_recaro_ulesek_jol_felszerelt-15487233
373,FORD FOCUS 1.5 TDCI ST-line Red,4999000,2018,2.1660000000001673,23500,Dízel,120,88,1499,Manuális,Normál,Piros (metál),12,https://www.hasznaltauto.hu/szemelyauto/ford/focus/ford_focus_1_5_tdci_st-line_red-16256764
374,FORD FOCUS Electric,4990000,2013,6.833000000000084,18000,Elektromos,145,107,NA,Automata,Megkímélt,Szürke (metál),12,https://www.hasznaltauto.hu/szemelyauto/ford/focus/ford_focus_electric-15713909
375,FORD FOCUS 1.5 TDCI Technology 38E KM. MAGYARORSZÁGI. SZERVIZKÖNYV,4790000,2018,2.25,38330,Dízel,95,70,1499,Manuális,Normál,null,7,https://www.hasznaltauto.hu/szemelyauto/ford/focus/ford_focus_1_5_tdci_technology_38e_km_magyarorszagi_szervizkonyv-16266399
376,FORD FOCUS 1.6 Ti-VCT Titanium Titanium Plus,4700000,2017,3.4160000000001673,24457,Benzin,125,92,1596,Manuális,Újszerű,Kék,6,https://www.hasznaltauto.hu/szemelyauto/ford/focus/ford_focus_1_6_ti-vct_titanium_titanium_plus-15947828
377,FORD FOCUS 1.5 EcoBoost ST-line Black Szervizk.!45.558km!Garancia!,4690000,2018,2.75,45558,Benzin,150,110,1499,Manuális,Kitűnő,Fekete (metál),12,https://www.hasznaltauto.hu/szemelyauto/ford/focus/ford_focus_1_5_ecoboost_st-line_black_szervizk_45_558kmgarancia-16189448
378,FORD FOCUS 1.5 EcoBoost Titanium (Automata) 117e.km!,4599000,2016,4.25,117028,Benzin,150,110,1499,Automata,Normál,Kék,12,https://www.hasznaltauto.hu/szemelyauto/ford/focus/ford_focus_1_5_ecoboost_titanium_automata_117e_km-16272461
379,FORD FOCUS 1.5 TDCI ST-line Black 131 KM HIBÁTLAN ÁLLAPOT . NAVI . KAMERA,4499999,2017,3.5830000000000837,131000,Dízel,120,88,1499,Manuális,Kitűnő,null,12,https://www.hasznaltauto.hu/szemelyauto/ford/focus/ford_focus_1_5_tdci_st-line_black_131_km_hibatlan_allapot_navi_kamera-16213814
380,FORD FOCUS 1.6 Ti-VCT Technology MO.I-GARANCIÁLIS-21.650 KM-1.TULAJ,4490000,2017,3.4160000000001673,21650,Benzin,125,92,1596,Manuális,Újszerű,Barna (metál),3,https://www.hasznaltauto.hu/szemelyauto/ford/focus/ford_focus_1_6_ti-vct_technology_mo_i-garancialis-21_650_km-1_tulaj-16303746
381,FORD FOCUS 1.5 EcoBoost ST-line MAGYARORSZÁGI VEZETETT SZERVIZKÖNYVES!!,4390000,2016,3.9160000000001673,61800,Benzin,150,110,1499,Manuális,Sérülésmentes,Sötétszürke (metál),12,https://www.hasznaltauto.hu/szemelyauto/ford/focus/ford_focus_1_5_ecoboost_st-line_magyarorszagi_vezetett_szervizkonyves-16295940
382,FORD FOCUS 2.0 Ecoboost ST3,4300000,2013,7.583000000000084,105005,Benzin,250,184,1999,Manuális,Sérülésmentes,Fehér,5,https://www.hasznaltauto.hu/szemelyauto/ford/focus/ford_focus_2_0_ecoboost_st3-16286573
383,FORD FOCUS ELEKTROMOS.FULL EXTRA.EXTRA SZÉP.28000KM,4290000,2014,6,28000,Elektromos,145,107,NA,Automata,Újszerű,null,6,https://www.hasznaltauto.hu/szemelyauto/ford/focus/ford_focus_elektromos_full_extra_extra_szep_28000km-16285815
384,FORD FOCUS 1.6 Ti-VCT Technology,4290000,2017,3,14720,Benzin,125,92,1596,Manuális,Normál,null,6,https://www.hasznaltauto.hu/szemelyauto/ford/focus/ford_focus_1_6_ti-vct_technology-16051378
385,FORD FOCUS 1.0 EcoBoost Trend MO-i .első tulajtól.53.000Km!,4289000,2018,2.1660000000001673,53000,Benzin,125,92,999,Manuális,Sérülésmentes,Fehér,11,https://www.hasznaltauto.hu/szemelyauto/ford/focus/ford_focus_1_0_ecoboost_trend_mo-i_elso_tulajtol_53_000km-16262120
386,FORD FOCUS 1.5 TDCI Technology,4199000,2018,2.5830000000000837,79626,Dízel,120,88,1499,Manuális,Megkímélt,Fehér,6,https://www.hasznaltauto.hu/szemelyauto/ford/focus/ford_focus_1_5_tdci_technology-15983209
387,FORD FOCUS 1.6 Ti-VCT Technology ÁFA-s!! M.o-i!!!,4190000,2018,2.5830000000000837,69580,Benzin,125,92,1596,Manuális,Normál,Fehér,6,https://www.hasznaltauto.hu/szemelyauto/ford/focus/ford_focus_1_6_ti-vct_technology_afa-s_m_o-i-15633340
388,FORD FOCUS 1.6 Ti-VCT Trend Plus szervizelt autó,2290000,2011,9.416000000000167,132700,Benzin,125,92,1596,Manuális,Normál,null,9,https://www.hasznaltauto.hu/szemelyauto/ford/focus/ford_focus_1_6_ti-vct_trend_plus_szervizelt_auto-16310217
389,FORD FOCUS 1.6 Ti-VCT Technology Mo-i! Szervizkönyves,4190000,2018,2.5830000000000837,89333,Benzin,125,92,1596,Manuális,Kitűnő,Szürke (metál),12,https://www.hasznaltauto.hu/szemelyauto/ford/focus/ford_focus_1_6_ti-vct_technology_mo-i_szervizkonyves-15697994
390,FORD FOCUS 1.6 Ti-VCT Technology Mo-i! Szervizkönyves!Áfá-s,4190000,2018,2.5830000000000837,81481,Benzin,125,92,1596,Manuális,Kitűnő,Fekete (metál),12,https://www.hasznaltauto.hu/szemelyauto/ford/focus/ford_focus_1_6_ti-vct_technology_mo-i_szervizkonyvesafa-s-15747154
391,FORD FOCUS 1.5 TDCI ST-line 112.e.Km Áfás Magyaro-i kmGarancia!,4190000,2017,3.75,112384,Dízel,120,88,1499,Manuális,Megkímélt,Fehér,12,https://www.hasznaltauto.hu/szemelyauto/ford/focus/ford_focus_1_5_tdci_st-line_112_e_km_afas_magyaro-i_kmgarancia-16290606
392,FORD FOCUS 1.6 Ti-VCT Titanium 98Ekm!Magyar.vez.szervízkönyv!,4150000,2016,4.25,98709,Benzin,125,92,1596,Manuális,Megkímélt,Fehér,12,https://www.hasznaltauto.hu/szemelyauto/ford/focus/ford_focus_1_6_ti-vct_titanium_98ekmmagyar_vez_szervizkonyv-16158643
393,FORD FOCUS 1.6 Ti-VCT Titanium DPS6 Powershift 47Ekm!Magyar.vez.szervízkönyv!,4150000,2015,5.333000000000084,47228,Benzin,125,92,1596,Automata,Megkímélt,Pezsgő (metál),12,https://www.hasznaltauto.hu/szemelyauto/ford/focus/ford_focus_1_6_ti-vct_titanium_dps6_powershift_47ekmmagyar_vez_szervizkonyv-16215731
394,FORD FOCUS 1.5 EcoBoost Titanium,3999999,2016,4.666000000000167,120000,Benzin,150,110,1499,Manuális,Kitűnő,Piros,6,https://www.hasznaltauto.hu/szemelyauto/ford/focus/ford_focus_1_5_ecoboost_titanium-16266147
395,FORD FOCUS 2.0 TDCi Titanium M.-oi Végig vezetett szervizkönyv!,3999990,2017,3.0830000000000837,107000,Dízel,150,110,1997,Manuális,Kitűnő,Fehér,5,https://www.hasznaltauto.hu/szemelyauto/ford/focus/ford_focus_2_0_tdci_titanium_m_-oi_vegig_vezetett_szervizkonyv-16289792
396,FORD FOCUS 1.0 EcoBoost Titanium,3999000,2016,4,75324,Benzin,125,92,998,Manuális,Kitűnő,Fehér,3,https://www.hasznaltauto.hu/szemelyauto/ford/focus/ford_focus_1_0_ecoboost_titanium-13405553
397,FORD FOCUS ST 2.5 T Friss műszakival. új Michelin gumik és fékek!,3899990,2010,10,146200,Benzin,226,166,2521,Manuális,Megkímélt,Fehér,4,https://www.hasznaltauto.hu/szemelyauto/ford/focus/ford_focus_st_2_5_t_friss_muszakival_uj_michelin_gumik_es_fekek-16194344
398,FORD FOCUS SE Automata Hatchback 2.0L I 4,3800000,2016,4.666000000000167,66000,Benzin,160,118,2000,Automata,Kitűnő,Ezüst,6,https://www.hasznaltauto.hu/szemelyauto/ford/focus/ford_focus_se_automata_hatchback_2_0l_i_4-16187470
399,FORD FOCUS 1.5 TDCI Technology Magyar-Sz.könyv-5 a-KM GARANCIA,3799000,2018,2.75,109800,Dízel,120,88,1499,Manuális,Kitűnő,Fekete (metál),12,https://www.hasznaltauto.hu/szemelyauto/ford/focus/ford_focus_1_5_tdci_technology_magyar-sz_konyv-5_a-km_garancia-16265434
400,FORD FOCUS 1.6 Ti-VCT Ambiente Szervizk.!51.741km!Bluetooth!Gari!,3790000,2017,2.9160000000001673,51741,Benzin,86,63,1596,Manuális,Újszerű,Kék (metál),12,https://www.hasznaltauto.hu/szemelyauto/ford/focus/ford_focus_1_6_ti-vct_ambiente_szervizk_51_741kmbluetoothgari-16300426
401,FORD FOCUS 1.5 TDCI Technology Powershift Automata,3750000,2018,2.5830000000000837,62000,Dízel,120,88,1499,Automata,Újszerű,Ezüst,5,https://www.hasznaltauto.hu/szemelyauto/ford/focus/ford_focus_1_5_tdci_technology_powershift_automata-16300027
402,FORD FOCUS 2.0 TDCi Titanium Mo-i.Szkönyv.72.000.Km,3699000,2016,4,72000,Dízel,150,110,1997,Manuális,Normál,Fehér,6,https://www.hasznaltauto.hu/szemelyauto/ford/focus/ford_focus_2_0_tdci_titanium_mo-i_szkonyv_72_000_km-16109101
403,FORD FOCUS 1.0 EcoBoost Titanium M.o-i.szervizkönyv.38 000.-km,3690000,2015,5,38300,Benzin,125,92,999,Manuális,Normál,Kék,6,https://www.hasznaltauto.hu/szemelyauto/ford/focus/ford_focus_1_0_ecoboost_titanium_m_o-i_szervizkonyv_38_000_-km-16291364
404,FORD FOCUS 1.5 TDCI '88g' Titanium Econetic EURO6-NAVI-ÁFÁS-GARANCIA,3598900,2018,2.5830000000000837,82370,Dízel,105,77,1499,Manuális,Újszerű,Szürke (metál),12,https://www.hasznaltauto.hu/szemelyauto/ford/focus/ford_focus_1_5_tdci_88g_titanium_econetic_euro6-navi-afas-garancia-15686065
405,FORD FOCUS 1.6 Ti-VCT Technology MAGYAR-1 TULAJ,3598000,2015,5.583000000000084,86224,Benzin,125,92,1596,Manuális,Kitűnő,Bordó,11,https://www.hasznaltauto.hu/szemelyauto/ford/focus/ford_focus_1_6_ti-vct_technology_magyar-1_tulaj-16181772
406,FORD FOCUS 1.5 TDCI Titanium MPS6 Powershiftt Szállítás alatt,3590000,2017,3.4160000000001673,148000,Dízel,120,88,1499,Automata,Kitűnő,Ezüst (metál),9,https://www.hasznaltauto.hu/szemelyauto/ford/focus/ford_focus_1_5_tdci_titanium_mps6_powershiftt_szallitas_alatt-16134303
407,FORD FOCUS 1.5 TDCI '88g' Technology Econetic Mo-i. 1 Tul. ÁFA-s!,3590000,2016,4.166000000000167,59288,Dízel,105,77,1499,Manuális,Kitűnő,Szürke (metál),12,https://www.hasznaltauto.hu/szemelyauto/ford/focus/ford_focus_1_5_tdci_88g_technology_econetic_mo-i_1_tul_afa-s-16208608
408,FORD FOCUS ST 2.5 T,3550000,2010,10,184000,Benzin,226,166,2521,Manuális,Megkímélt,Fehér,6,https://www.hasznaltauto.hu/szemelyauto/ford/focus/ford_focus_st_2_5_t-16258523
409,FORD FOCUS 1.5 TDCI Titanium MEGKIMÉLT . ÚJSZERÜ ÁLLAPOT. POWERSHIFT,3499999,2016,4.416000000000167,115000,Dízel,120,88,1499,Automata,Kitűnő,Sötétszürke (metál),10,https://www.hasznaltauto.hu/szemelyauto/ford/focus/ford_focus_1_5_tdci_titanium_megkimelt_ujszeru_allapot_powershift-16050311
410,FORD FOCUS 1.0 EcoBoost Trend MAGYAR 1.TUL-KLÍMA-EU6-34e KM!,3490000,2016,4.75,34620,Benzin,125,92,999,Manuális,Normál,Kék (metál),12,https://www.hasznaltauto.hu/szemelyauto/ford/focus/ford_focus_1_0_ecoboost_trend_magyar_1_tul-klima-eu6-34e_km-16108262
411,FORD FOCUS 1.0 EcoBoost Technology S S (Automata) 2.800.000Ft+ÁFÁ!!--Magyarországi-1 tulaj--Frissen szervizelt--Alufelni,3485000,2016,4.75,93000,Benzin,125,92,999,Automata,Kitűnő,Kék,12,https://www.hasznaltauto.hu/szemelyauto/ford/focus/ford_focus_1_0_ecoboost_technology_s_s_automata_2_800_000ft_plusz_afa--magyarorszagi-1_tulaj--frissen_szervizelt--alufelni-16169713
412,FORD FOCUS 1.5 EcoBoost Technology MAGYARORSZÁGI!,3390000,2017,2.9160000000001673,179000,Benzin,150,110,1499,Manuális,Újszerű,null,12,https://www.hasznaltauto.hu/szemelyauto/ford/focus/ford_focus_1_5_ecoboost_technology_magyarorszagi-16287508
413,FORD FOCUS 1.0 GTDi EcoBoost Titanium,3390000,2015,5.416000000000167,93000,Benzin,125,92,999,Manuális,Megkímélt,Barna,6,https://www.hasznaltauto.hu/szemelyauto/ford/focus/ford_focus_1_0_gtdi_ecoboost_titanium-16303832
414,FORD FOCUS 1.0 EcoBoost Trend,3390000,2018,2.5,90277,Benzin,101,74,999,Manuális,Kitűnő,Szürke,11,https://www.hasznaltauto.hu/szemelyauto/ford/focus/ford_focus_1_0_ecoboost_trend-16313622
415,FORD FOCUS 1.6 Ti-VCT Trend,3299000,2015,5.5,85901,Benzin,105,77,1596,Manuális,Kitűnő,Fekete (metál),12,https://www.hasznaltauto.hu/szemelyauto/ford/focus/ford_focus_1_6_ti-vct_trend-16183122
416,FORD FOCUS 1.6 Ti-VCT Technology ELSŐ TULAJ SZAKSZERVIZKÖNYV..ÜLÉSFŰTÉS.DUPLA KLIMA,3299000,2015,5.666000000000167,105000,Benzin,125,92,1596,Manuális,Kitűnő,Sötétszürke (metál),6,https://www.hasznaltauto.hu/szemelyauto/ford/focus/ford_focus_1_6_ti-vct_technology_elso_tulaj_szakszervizkonyv_ulesfutes_dupla_klima-16185441
417,FORD FOCUS 1.6 Ti-VCT Champions,3290000,2014,6.416000000000167,99774,Benzin,125,92,1596,Manuális,Kitűnő,Sötétszürke (metál),6,https://www.hasznaltauto.hu/szemelyauto/ford/focus/ford_focus_1_6_ti-vct_champions-15968886
418,FORD FOCUS 1.6 Ti-VCT Ambiente Újszerű//Szervizkönyv//Téli-nyári kerék,3290000,2015,5.75,75000,Benzin,87,64,1596,Manuális,Újszerű,null,12,https://www.hasznaltauto.hu/szemelyauto/ford/focus/ford_focus_1_6_ti-vct_ambiente_ujszeru_szervizkonyv_teli-nyari_kerek-16241749
419,FORD FOCUS 1.5 TDCI Technology Mo-i.Szkönyv.1.Tulaj.!,3279000,2017,3.25,96000,Dízel,95,70,1499,Manuális,Normál,Fehér,6,https://www.hasznaltauto.hu/szemelyauto/ford/focus/ford_focus_1_5_tdci_technology_mo-i_szkonyv_1_tulaj-16241832
420,FORD FOCUS 1.0 EcoBoost Business Ülésfűtés/Kormányfűtés/Tol.radar,3269000,2017,3.3330000000000837,39300,Benzin,125,92,999,Manuális,Megkímélt,Ezüst (metál),12,https://www.hasznaltauto.hu/szemelyauto/ford/focus/ford_focus_1_0_ecoboost_business_ulesfutes_kormanyfutes_tol_radar-16283024
421,FORD FOCUS 1.6 Ti-VCT Technology,3250000,2016,3.9160000000001673,83000,Benzin,125,92,1596,Manuális,Normál,null,3,https://www.hasznaltauto.hu/szemelyauto/ford/focus/ford_focus_1_6_ti-vct_technology-16297918
422,FORD FOCUS 1.5 TDCI Titanium /Beparkoló/Navi/Keyless,3199000,2017,3.6660000000001673,158879,Dízel,120,88,1499,Manuális,Sérülésmentes,Sötétszürke (metál),12,https://www.hasznaltauto.hu/szemelyauto/ford/focus/ford_focus_1_5_tdci_titanium_beparkolo_navi_keyless-16287097
423,FORD FOCUS 1.6 Ti-VCT Ambiente /Magyarországi - Gyári Fényezéssel - Garantált - 20.900 KM!/,3199000,2014,6.5,20900,Benzin,105,77,1596,Manuális,Sérülésmentes,Ezüst (metál),10,https://www.hasznaltauto.hu/szemelyauto/ford/focus/ford_focus_1_6_ti-vct_ambiente_magyarorszagi_-_gyari_fenyezessel_-_garantalt_-_20_900_km-16281968
424,FORD FOCUS 1.5 TDCI Technology MAGYARORSZÁGI / GARANCIÁS / ÁFA-s,3182000,2016,4.333000000000084,134710,Dízel,95,70,1499,Manuális,Normál,Óceánkék (metál),6,https://www.hasznaltauto.hu/szemelyauto/ford/focus/ford_focus_1_5_tdci_technology_magyarorszagi_garancias_afa-s-16247092
425,FORD FOCUS 1.5 TDCI Titanium Magyar.1.Tulaj.Szervizköny.ÁFA,3150000,2017,3.1660000000001673,178000,Dízel,120,88,1499,Manuális,Sérülésmentes,Fehér,12,https://www.hasznaltauto.hu/szemelyauto/ford/focus/ford_focus_1_5_tdci_titanium_magyar_1_tulaj_szervizkony_afa-16264291
426,FORD FOCUS 1.5 TDCI '88g' Trend Econetic Mo-i. 1 Tul. ÁFA-s!,3090000,2015,4.833000000000084,81194,Dízel,105,77,1499,Manuális,Kitűnő,Piros,12,https://www.hasznaltauto.hu/szemelyauto/ford/focus/ford_focus_1_5_tdci_88g_trend_econetic_mo-i_1_tul_afa-s-16238974
427,FORD FOCUS 1.5 TDCI Technology NAVIGÁCIÓ. Tempomat. Parkradar körbe,3049000,2017,3.75,117500,Dízel,120,88,1499,Manuális,Normál,Sötétszürke (metál),10,https://www.hasznaltauto.hu/szemelyauto/ford/focus/ford_focus_1_5_tdci_technology_navigacio_tempomat_parkradar_korbe-16268991
428,FORD FOCUS 1.6 Ti-VCT Trend Plus DIGIT KLÍMÁS.ABS.TEMPOMAT.MAGYARORSZÁGI!!,2999999,2014,6.166000000000167,75000,Benzin,125,92,1596,Manuális,Normál,Világosszürke (metál),6,https://www.hasznaltauto.hu/szemelyauto/ford/focus/ford_focus_1_6_ti-vct_trend_plus_digit_klimas_abs_tempomat_magyarorszagi-16216844
429,FORD FOCUS 1.0 EcoBoost Titanium 131.000KM!!M.O.-I!! SZ.KÖNYV!!,2999999,2015,5.75,131420,Benzin,125,92,999,Manuális,Normál,Szürke (metál),12,https://www.hasznaltauto.hu/szemelyauto/ford/focus/ford_focus_1_0_ecoboost_titanium_131_000kmm_o_-i_sz_konyv-16298326
430,FORD FOCUS 1.6 Ti-VCT Champions (Automata),2999000,2012,7.833000000000084,134500,Benzin,125,92,1596,Automata,Újszerű,Ezüst (metál),12,https://www.hasznaltauto.hu/szemelyauto/ford/focus/ford_focus_1_6_ti-vct_champions_automata-16037845
431,FORD FOCUS 1.5 TDCI '88g' Titanium Econetic VEZETETT SZERVIZKÖNYV SÉRÜLÉSMENTES,2999000,2018,2.6660000000001673,149000,Dízel,105,77,1499,Manuális,Újszerű,Fehér,12,https://www.hasznaltauto.hu/szemelyauto/ford/focus/ford_focus_1_5_tdci_88g_titanium_econetic_vezetett_szervizkonyv_serulesmentes-16217875
432,FORD FOCUS 1.6 Ti-VCT Ambiente,2999000,2015,5.666000000000167,90000,Benzin,105,77,1596,Manuális,Kitűnő,Ezüst,6,https://www.hasznaltauto.hu/szemelyauto/ford/focus/ford_focus_1_6_ti-vct_ambiente-16248187
433,FORD FOCUS 1.0 EcoBoost Titanium M.o-i!Vezetett sz.könyv!,2999000,2015,5.75,150000,Benzin,125,92,999,Manuális,Kitűnő,Szürke (metál),6,https://www.hasznaltauto.hu/szemelyauto/ford/focus/ford_focus_1_0_ecoboost_titanium_m_o-ivezetett_sz_konyv-16292240
434,FORD FOCUS 1.6 Ti-VCT Ambiente,2990000,2014,5.916000000000167,47700,Benzin,105,77,1596,Manuális,Kitűnő,Fekete,6,https://www.hasznaltauto.hu/szemelyauto/ford/focus/ford_focus_1_6_ti-vct_ambiente-16147187
435,FORD FOCUS 1.5 TDCI Trend Magyarországi Végig Szervizelt,2950000,2017,3.6660000000001673,154000,Dízel,95,70,1499,Manuális,Normál,Fehér,11,https://www.hasznaltauto.hu/szemelyauto/ford/focus/ford_focus_1_5_tdci_trend_magyarorszagi_vegig_szervizelt-16239706
436,FORD FOCUS 1.6 SCTI Ecoboost Champions AKÁR 1 ÉV GARANCIÁVAL,2950000,2014,6.75,128000,Benzin,150,110,1597,Manuális,Normál,Fehér (metál),8,https://www.hasznaltauto.hu/szemelyauto/ford/focus/ford_focus_1_6_scti_ecoboost_champions_akar_1_ev_garanciaval-16242423
437,FORD FOCUS 1.6 Ti-VCT Titanium 64.209 KM! Automata Parkolás! Mo.-i!,2949000,2013,7.166000000000167,64209,Benzin,125,92,1596,Manuális,Normál,null,12,https://www.hasznaltauto.hu/szemelyauto/ford/focus/ford_focus_1_6_ti-vct_titanium_64_209_km_automata_parkolas_mo_-i-16258427
438,FORD FOCUS 1.6 Ti-VCT Titanium (Automata) XENON/17 BBS/SONY/DIGIT KLÍMA/1 ÉV GARANCIA,2899999,2012,8.583000000000084,131000,Benzin,125,92,1596,Automata,Sérülésmentes,Fehér,12,https://www.hasznaltauto.hu/szemelyauto/ford/focus/ford_focus_1_6_ti-vct_titanium_automata_xenon_17_bbs_sony_digit_klima_1_ev_garancia-16291900
439,FORD FOCUS 1.6 SCTI Ecoboost Titanium XENON!ÜLÉSFŰTÉS!SÁVTARTÓ!,2899000,2011,9.166000000000167,109730,Benzin,182,134,1597,Manuális,Kitűnő,Fekete (metál),12,https://www.hasznaltauto.hu/szemelyauto/ford/focus/ford_focus_1_6_scti_ecoboost_titanium_xenonulesfutessavtarto-16262707
440,FORD FOCUS 1.6 Ti-VCT Trend 101410 Km.Sérülésmentes,2898000,2014,6.333000000000084,101410,Benzin,125,92,1596,Manuális,Megkímélt,Fekete (metál),12,https://www.hasznaltauto.hu/szemelyauto/ford/focus/ford_focus_1_6_ti-vct_trend_101410_km_serulesmentes-16267267
441,FORD FOCUS 1.5 TDCI Titanium MPS6 Powershiftt Sport belső. AUTOMATA,2799000,2015,5.75,134000,Dízel,120,88,1499,Automata,Kitűnő,null,8,https://www.hasznaltauto.hu/szemelyauto/ford/focus/ford_focus_1_5_tdci_titanium_mps6_powershiftt_sport_belso_automata-16173460
442,FORD FOCUS 1.6 Ti-VCT Trend Plus digit klíma.ülésfűtés. vez.szkönyv.8 kerék,2799000,2012,8.666000000000167,79000,Benzin,86,63,1596,Manuális,Kitűnő,Ezüst (metál),6,https://www.hasznaltauto.hu/szemelyauto/ford/focus/ford_focus_1_6_ti-vct_trend_plus_digit_klima_ulesfutes_vez_szkonyv_8_kerek-16255910
443,FORD FOCUS 1.6 Ti-VCT Fresh 80 300 Km,2799000,2011,8.916000000000167,80300,Benzin,116,85,1596,Manuális,Kitűnő,Ezüst (metál),6,https://www.hasznaltauto.hu/szemelyauto/ford/focus/ford_focus_1_6_ti-vct_fresh_80_300_km-16295102
444,FORD FOCUS 1.0 GTDi EcoBoost Titanium Magyarországi. sz.könyv!,2790000,2015,5.75,155000,Benzin,125,92,999,Manuális,Normál,Szürke (metál),5,https://www.hasznaltauto.hu/szemelyauto/ford/focus/ford_focus_1_0_gtdi_ecoboost_titanium_magyarorszagi_sz_konyv-16194149
445,FORD FOCUS 1.6 TDCi Trend MAGYAR AUTÓ---ELSŐ TULAJ,2749900,2014,6.333000000000084,118500,Dízel,95,70,1560,Manuális,Megkímélt,Fekete (metál),9,https://www.hasznaltauto.hu/szemelyauto/ford/focus/ford_focus_1_6_tdci_trend_magyar_auto---elso_tulaj-16195151
446,FORD FOCUS 1.6 SCTI Ecoboost Technology MAKULÁTLAN ÁLLAPOTBAN! GARANTÁLT KM!,2747000,2012,8.583000000000084,110162,Benzin,150,110,1597,Manuális,Sérülésmentes,Aranysárga (metál),11,https://www.hasznaltauto.hu/szemelyauto/ford/focus/ford_focus_1_6_scti_ecoboost_technology_makulatlan_allapotban_garantalt_km-16242995
447,FORD FOCUS 1.6 TDCi Titanium DPF EURO5,2700000,2011,9.583000000000084,65000,Dízel,109,80,1560,Manuális,Normál,Kék,5,https://www.hasznaltauto.hu/szemelyauto/ford/focus/ford_focus_1_6_tdci_titanium_dpf_euro5-16051148
448,FORD FOCUS 1.6 TDCi Titanium GARANCIÁVAL!,2699000,2014,6.166000000000167,165443,Dízel,116,85,1560,Manuális,Kitűnő,null,12,https://www.hasznaltauto.hu/szemelyauto/ford/focus/ford_focus_1_6_tdci_titanium_garanciaval-15200157
449,FORD FOCUS 1.6 TDCi Trend 105.301 KM! MAGYARORSZÁGI!,2699000,2014,6.333000000000084,100000,Dízel,95,70,1560,Manuális,Újszerű,Ezüst (metál),12,https://www.hasznaltauto.hu/szemelyauto/ford/focus/ford_focus_1_6_tdci_trend_105_301_km_magyarorszagi-16142187
450,FORD FOCUS 1.5 TDCI Trend Áfás!,2699000,2018,2.5,207054,Dízel,95,70,1499,Manuális,Sérülésmentes,Ezüst (metál),6,https://www.hasznaltauto.hu/szemelyauto/ford/focus/ford_focus_1_5_tdci_trend_afas-16238336
451,FORD FOCUS 1.6 Ti-VCT Titanium 1Tulaj!129.000Km!Navi!Szervízkönyv!,2699000,2012,8.666000000000167,129000,Benzin,125,92,1596,Manuális,Kitűnő,Sötétszürke (metál),12,https://www.hasznaltauto.hu/szemelyauto/ford/focus/ford_focus_1_6_ti-vct_titanium_1tulaj129_000kmnaviszervizkonyv-16293024
452,FORD FOCUS 1.0 GTDi EcoBoost Trend Plus,2690000,2014,6.666000000000167,106000,Benzin,125,92,999,Manuális,Kitűnő,Kék (metál),6,https://www.hasznaltauto.hu/szemelyauto/ford/focus/ford_focus_1_0_gtdi_ecoboost_trend_plus-16192255
453,FORD FOCUS 1.6 Titanium BENZINES! 1.TULAJ!,2690000,2012,7.833000000000084,158770,Benzin,105,77,1596,Manuális,Újszerű,null,12,https://www.hasznaltauto.hu/szemelyauto/ford/focus/ford_focus_1_6_titanium_benzines_1_tulaj-16276484
454,FORD FOCUS 1.0 GTDi EcoBoost Trend AKÁR 1 ÉV GARANCIÁVAL,2650000,2014,6.75,80000,Benzin,101,74,999,Manuális,Normál,Szürke (metál),8,https://www.hasznaltauto.hu/szemelyauto/ford/focus/ford_focus_1_0_gtdi_ecoboost_trend_akar_1_ev_garanciaval-15981943
455,FORD FOCUS 1.6 SCTI Ecoboost Technology AKÁR 1 ÉV GARANCIÁVAL,2650000,2014,6.75,112000,Benzin,150,110,1597,Manuális,Normál,Világosszürke (metál),5,https://www.hasznaltauto.hu/szemelyauto/ford/focus/ford_focus_1_6_scti_ecoboost_technology_akar_1_ev_garanciaval-16214917
456,FORD FOCUS 1.6 Ti-VCT Champions ELSŐ TULAJ! GARANTÁLT 97000 KM!,2650000,2012,8.5,97000,Benzin,105,77,1596,Manuális,Újszerű,Világosbarna (metál),12,https://www.hasznaltauto.hu/szemelyauto/ford/focus/ford_focus_1_6_ti-vct_champions_elso_tulaj_garantalt_97000_km-16283443
457,FORD FOCUS 1.0 GTDi EcoBoost Champions,2650000,2013,7.666000000000167,75000,Benzin,125,92,999,Manuális,Kitűnő,Világosszürke (metál),6,https://www.hasznaltauto.hu/szemelyauto/ford/focus/ford_focus_1_0_gtdi_ecoboost_champions-16287451
458,FORD FOCUS 1.6 Ti-VCT Ambiente,2649999,2011,8.916000000000167,83500,Benzin,105,77,1596,Manuális,Kitűnő,Sötétkék,6,https://www.hasznaltauto.hu/szemelyauto/ford/focus/ford_focus_1_6_ti-vct_ambiente-13031655
459,FORD FOCUS 1.5 TDCI '88g' Trend Econetic Téli nyári kerék. kettő gyári kulcs.szervizkönyv,2599000,2016,4.666000000000167,159441,Dízel,95,70,1499,Manuális,Újszerű,Ezüst (metál),12,https://www.hasznaltauto.hu/szemelyauto/ford/focus/ford_focus_1_5_tdci_88g_trend_econetic_teli_nyari_kerek_ketto_gyari_kulcs_szervizkonyv-16295696
460,FORD FOCUS 1.0 EcoBoost Trend Plus 99g,2590000,2014,6.166000000000167,98965,Benzin,101,74,998,Manuális,Kitűnő,Kék,6,https://www.hasznaltauto.hu/szemelyauto/ford/focus/ford_focus_1_0_ecoboost_trend_plus_99g-16244819
461,FORD FOCUS 1.6 SCTI Ecoboost Titanium,2590000,2011,9.25,128456,Benzin,150,110,1597,Manuális,Kitűnő,Bordó (metál),6,https://www.hasznaltauto.hu/szemelyauto/ford/focus/ford_focus_1_6_scti_ecoboost_titanium-16252464
462,FORD FOCUS 1.6 Ti-VCT Trend Magyarországi! Szervizkönyv!,2590000,2013,7.333000000000084,93000,Benzin,105,77,1596,Manuális,Megkímélt,null,8,https://www.hasznaltauto.hu/szemelyauto/ford/focus/ford_focus_1_6_ti-vct_trend_magyarorszagi_szervizkonyv-16274903
463,FORD FOCUS 1.5 TDCI Trend digitklíma.újszerű állapot,2555000,2015,4.916000000000167,198000,Dízel,120,88,1499,Manuális,Kitűnő,Fehér,8,https://www.hasznaltauto.hu/szemelyauto/ford/focus/ford_focus_1_5_tdci_trend_digitklima_ujszeru_allapot-15105111
464,FORD FOCUS 1.6 TDCi Trend,2550000,2015,5.333000000000084,158950,Dízel,95,70,1560,Manuális,Megkímélt,Sötétkék,6,https://www.hasznaltauto.hu/szemelyauto/ford/focus/ford_focus_1_6_tdci_trend-16254458
465,FORD FOCUS 1.6 Ti-VCT Ambiente,2549000,2012,8.666000000000167,166780,Benzin,86,63,1596,Manuális,Kitűnő,null,12,https://www.hasznaltauto.hu/szemelyauto/ford/focus/ford_focus_1_6_ti-vct_ambiente-16308558
466,FORD FOCUS 1.6 Ti-VCT Titanium Navi-Tempomat-Telefon!100.000km!!!,2537700,2011,9.583000000000084,100000,Benzin,150,110,1596,Manuális,Kitűnő,Fekete (metál),12,https://www.hasznaltauto.hu/szemelyauto/ford/focus/ford_focus_1_6_ti-vct_titanium_navi-tempomat-telefon100_000km-16266187
467,FORD FOCUS 1.6 Ti-VCT Ambiente MO-I.1.TULAJ.SZAKSZERVÍZKÖNYV.KLÍMA,2499000,2014,6.5,164700,Benzin,105,77,1596,Manuális,Megkímélt,Világosbarna (metál),6,https://www.hasznaltauto.hu/szemelyauto/ford/focus/ford_focus_1_6_ti-vct_ambiente_mo-i_1_tulaj_szakszervizkonyv_klima-15808837
468,FORD FOCUS 1.0 EcoBoost Titanium 99g,2499000,2013,7.166000000000167,110472,Benzin,101,74,999,Manuális,Kitűnő,Szürke,11,https://www.hasznaltauto.hu/szemelyauto/ford/focus/ford_focus_1_0_ecoboost_titanium_99g-16114063
469,FORD FOCUS 1.0 GTDi EcoBoost Champions,2499000,2012,7.833000000000084,71500,Benzin,101,74,999,Manuális,Kitűnő,Világosbarna (metál),2,https://www.hasznaltauto.hu/szemelyauto/ford/focus/ford_focus_1_0_gtdi_ecoboost_champions-16215559
470,FORD FOCUS 1.6 TDCi Trend Plus Navi. Fűthető szélvédő,2499000,2014,6.416000000000167,165000,Dízel,95,70,1560,Manuális,Sérülésmentes,Olajzöld,12,https://www.hasznaltauto.hu/szemelyauto/ford/focus/ford_focus_1_6_tdci_trend_plus_navi_futheto_szelvedo-16307918
471,FORD FOCUS 2.0 TDCi Trend Plus,2490000,2014,6.583000000000084,120000,Dízel,116,85,1997,Automata,Kitűnő,Kék,6,https://www.hasznaltauto.hu/szemelyauto/ford/focus/ford_focus_2_0_tdci_trend_plus-16140633
472,FORD FOCUS 1.6 Ti-VCT Trend Plus 90000 Km!!!,2490000,2013,7.416000000000167,90000,Benzin,125,92,1596,Manuális,Megkímélt,Kék (metál),11,https://www.hasznaltauto.hu/szemelyauto/ford/focus/ford_focus_1_6_ti-vct_trend_plus_90000_km-16180888
473,FORD FOCUS 1.6 Ti-VCT Trend Sz.könyv.Nyári-Téli kerék. ülésfűtés. radar,2490000,2011,9.416000000000167,88541,Benzin,105,77,1596,Manuális,Megkímélt,Barna,11,https://www.hasznaltauto.hu/szemelyauto/ford/focus/ford_focus_1_6_ti-vct_trend_sz_konyv_nyari-teli_kerek_ulesfutes_radar-16289820
474,FORD FOCUS 1.6 Ti-VCT Trend Plus,2480000,2011,8.833000000000084,122744,Benzin,105,77,1596,Manuális,Újszerű,Ezüst,6,https://www.hasznaltauto.hu/szemelyauto/ford/focus/ford_focus_1_6_ti-vct_trend_plus-16234942
475,FORD FOCUS 1.6 SCTI Ecoboost Titanium 1 ÉV GARANCIA! FRISS MŰSZAKI! FRISS SZERVIZ! NAVI! KEYLESS!,2460000,2011,9.583000000000084,99879,Benzin,150,110,1597,Manuális,Kitűnő,Bordó (metál),12,https://www.hasznaltauto.hu/szemelyauto/ford/focus/ford_focus_1_6_scti_ecoboost_titanium_1_ev_garancia_friss_muszaki_friss_szerviz_navi_keyless-16309543
476,FORD FOCUS 1.6 Ti-VCT Ambiente,2449000,2012,8.333000000000084,105560,Benzin,86,63,1596,Manuális,Kitűnő,Fehér,6,https://www.hasznaltauto.hu/szemelyauto/ford/focus/ford_focus_1_6_ti-vct_ambiente-15616949
477,FORD FOCUS 1.0 GTDi EcoBoost Trend Nálunk biztonsággal vásárolhat! Km garancia!,2440000,2012,8.5,123000,Benzin,125,92,999,Manuális,Kitűnő,Ezüst (metál),12,https://www.hasznaltauto.hu/szemelyauto/ford/focus/ford_focus_1_0_gtdi_ecoboost_trend_nalunk_biztonsaggal_vasarolhat_km_garancia-16263058
478,FORD FOCUS 1.6 Ti-VCT Ambiente 1Tul.Sz.Könyv.2Kulcs,2399000,2011,9.25,111243,Benzin,105,77,1596,Manuális,Kitűnő,Ezüst (metál),9,https://www.hasznaltauto.hu/szemelyauto/ford/focus/ford_focus_1_6_ti-vct_ambiente_1tul_sz_konyv_2kulcs-16247209
479,FORD FOCUS 1.0 EcoBoost Technology,2399000,2014,6,106712,Benzin,101,74,999,Manuális,Normál,Kék (metál),10,https://www.hasznaltauto.hu/szemelyauto/ford/focus/ford_focus_1_0_ecoboost_technology-16313078
480,FORD FOCUS 1.6 TDCi Trend Plus,2350000,2012,8.75,134460,Dízel,116,85,1560,Manuális,Újszerű,Fekete (metál),12,https://www.hasznaltauto.hu/szemelyauto/ford/focus/ford_focus_1_6_tdci_trend_plus-15667956
481,FORD FOCUS 1.6 SCTI Ecoboost Trend Plus,2350000,2011,9,153000,Benzin,150,110,1597,Manuális,Kitűnő,Bordó,6,https://www.hasznaltauto.hu/szemelyauto/ford/focus/ford_focus_1_6_scti_ecoboost_trend_plus-16011007
482,FORD FOCUS 1.0 EcoBoost Trend AKÁR 1 ÉV GARANCIÁVAL,2320000,2014,6.75,131000,Benzin,101,74,999,Manuális,Normál,(metál),3,https://www.hasznaltauto.hu/szemelyauto/ford/focus/ford_focus_1_0_ecoboost_trend_akar_1_ev_garanciaval-15981956
483,FORD FOCUS 1.6 Ti-VCT Sport Collection VEZETETT SZERVÍZKÖNYV/DIGIT KLÍMA/TEMPOMAT,2299000,2011,9.333000000000084,154451,Benzin,105,77,1596,Manuális,Újszerű,Fekete (metál),12,https://www.hasznaltauto.hu/szemelyauto/ford/focus/ford_focus_1_6_ti-vct_sport_collection_vezetett_szervizkonyv_digit_klima_tempomat-15919728
484,FORD FOCUS 1.6 Ti-VCT Trend 1 Tulaj,2299000,2013,7.666000000000167,163437,Benzin,105,77,1596,Manuális,Újszerű,Sötétszürke (metál),12,https://www.hasznaltauto.hu/szemelyauto/ford/focus/ford_focus_1_6_ti-vct_trend_1_tulaj-16141826
485,FORD FOCUS 1.6 TDCi Trend,2290000,2015,5.75,182000,Dízel,95,70,1560,Manuális,Újszerű,Kék,12,https://www.hasznaltauto.hu/szemelyauto/ford/focus/ford_focus_1_6_tdci_trend-16016370
486,FORD FOCUS 1.0 EcoBoost Technology 1év GARANCIA,2290000,2013,7.5,111000,Benzin,101,74,998,Manuális,Újszerű,Fehér,12,https://www.hasznaltauto.hu/szemelyauto/ford/focus/ford_focus_1_0_ecoboost_technology_1ev_garancia-16143721
487,FORD FOCUS 2.0 benzines. Automata. Ritkaság!!,2290000,2012,8.25,138500,Benzin,162,119,1999,Automata,Megkímélt,Bordó (metál),9,https://www.hasznaltauto.hu/szemelyauto/ford/focus/ford_focus_2_0_benzines_automata_ritkasag-16276507
