ID,Name,Price_HUF,Registration_date,Age,Color,Cylinder_capacity_cm3,Transmission,Performance_HP,Performance_kW,Nr_pictures,Condition,Fuel_type,Kilometers,Link
4,HONDA CIVIC 1.4 Comfort,2999990,2013,6.833000000000084,Fehér,1339,Manuális,99,73,0,Kitűnő,Benzin,93000,https://www.hasznaltauto.hu/szemelyauto/honda/civic/honda_civic_1_4_comfort-16574817
5,HONDA CIVIC 1.8 Sport Special Edition,2999000,2010,10.083000000000084,Fekete (metál),1799,Manuális,140,103,12,Kitűnő,Benzin,129455,https://www.hasznaltauto.hu/szemelyauto/honda/civic/honda_civic_1_8_sport_special_edition-16104896
6,HONDA CIVIC 1.8 Sport 3 ÉV GARANCIA/ALUFELNI/DIGITKLÍMA/RADAR/TEMPOMAT,2999000,2011,9.666000000000167,Barna (metál),1799,Manuális,140,103,12,Megkímélt,Benzin,139000,https://www.hasznaltauto.hu/szemelyauto/honda/civic/honda_civic_1_8_sport_3_ev_garancia_alufelni_digitklima_radar_tempomat-16384701
7,HONDA CIVIC 1.8 Sport,2999000,2011,9,Piros,1799,Manuális,140,103,12,Sérülésmentes,Benzin,91271,https://www.hasznaltauto.hu/szemelyauto/honda/civic/honda_civic_1_8_sport-16415493
8,HONDA CIVIC 1.4 Sport,2999000,2012,8.5,Zöld (metál),1339,Manuális,99,73,12,Megkímélt,Benzin,102736,https://www.hasznaltauto.hu/szemelyauto/honda/civic/honda_civic_1_4_sport-16556731
9,HONDA CIVIC 1.4 Sport,2999000,2013,7.583000000000084,Piros (metál),1339,Manuális,99,73,6,Sérülésmentes,Benzin,116549,https://www.hasznaltauto.hu/szemelyauto/honda/civic/honda_civic_1_4_sport-16558312
10,HONDA CIVIC 1.8 Sport Special Edition Tolatóradar.Led.Tempomat.Digitklíma.17-es alufelni!1tulaj!Szervizkönyv!!!,2990000,2011,9.583000000000084,Piros,1799,Manuális,140,103,12,Sérülésmentes,Benzin,119850,https://www.hasznaltauto.hu/szemelyauto/honda/civic/honda_civic_1_8_sport_special_edition_tolatoradar_led_tempomat_digitklima_17-es_alufelni1tulajszervizkonyv-16402078
11,HONDA CIVIC 1.6 i-DTEC Sport Magyarországi szervizkönyves!,2989000,2015,5.416000000000167,Fehér (metál),1597,Manuális,120,88,12,Kitűnő,Dízel,182465,https://www.hasznaltauto.hu/szemelyauto/honda/civic/honda_civic_1_6_i-dtec_sport_magyarorszagi_szervizkonyves-16556683
12,HONDA CIVIC 1.6 CTDi Comfort KLIMA! ELEKTROMOS ABLAK! TEMPOMAT!,2987000,2013,7.666000000000167,(metál),1597,Manuális,120,88,12,Normál,Dízel,141000,https://www.hasznaltauto.hu/szemelyauto/honda/civic/honda_civic_1_6_ctdi_comfort_klima_elektromos_ablak_tempomat-16553520
13,HONDA CIVIC 1.8 Sport Special Edition Gt,2980000,2010,10.166000000000167,Fekete (metál),1799,Manuális,140,103,6,Megkímélt,Benzin,73000,https://www.hasznaltauto.hu/szemelyauto/honda/civic/honda_civic_1_8_sport_special_edition_gt-15938734
14,HONDA CIVIC 1.6 CTDi Sport,2950000,2013,7.5,null,1597,Manuális,120,88,9,Kitűnő,Dízel,201500,https://www.hasznaltauto.hu/szemelyauto/honda/civic/honda_civic_1_6_ctdi_sport-16427269
15,HONDA CIVIC 1.8 Sport,2920000,2011,9.083000000000084,Ezüst (metál),1799,Manuális,140,103,12,Kitűnő,Benzin,89072,https://www.hasznaltauto.hu/szemelyauto/honda/civic/honda_civic_1_8_sport-16432648
16,HONDA CIVIC 1.4 Sport ÚJ MODELL-ÚJ GUMIK-T.KAMERA-EXTRÁS,2950000,2012,7.916000000000167,Szürke (metál),1339,Manuális,99,73,12,Megkímélt,Benzin,146000,https://www.hasznaltauto.hu/szemelyauto/honda/civic/honda_civic_1_4_sport_uj_modell-uj_gumik-t_kamera-extras-16536599
17,HONDA CIVIC 1.4 Sport Téli/Nyári kerékkel,2949000,2012,8.5,Sötétzöld (metál),1339,Manuális,99,73,12,Újszerű,Benzin,113230,https://www.hasznaltauto.hu/szemelyauto/honda/civic/honda_civic_1_4_sport_teli_nyari_kerekkel-16271016
18,HONDA CIVIC 1.8 Sport 1 év garanciával eladó!,2899000,2010,10.583000000000084,Fekete (metál),1799,Manuális,140,103,11,Normál,Benzin,171450,https://www.hasznaltauto.hu/szemelyauto/honda/civic/honda_civic_1_8_sport_1_ev_garanciaval_elado-16536705
19,HONDA CIVIC 1.4 Comfort Magyarországi 118.000km,2890000,2012,8.083000000000084,Zöld,1339,Manuális,99,73,12,Kitűnő,Benzin,118491,https://www.hasznaltauto.hu/szemelyauto/honda/civic/honda_civic_1_4_comfort_magyarorszagi_118_000km-16530309
20,HONDA CIVIC 1.8 Type-S FN1,2890000,2011,9.166000000000167,Fekete,1799,Manuális,140,103,6,Kitűnő,Benzin,91600,https://www.hasznaltauto.hu/szemelyauto/honda/civic/honda_civic_1_8_type-s_fn1-16562400
21,HONDA CIVIC 1.8 Sport VEZ.SZ.KÖNYV-104eKM-1TULAJ-SÉR.MENTES !!,2890000,2011,9.333000000000084,Ezüst (metál),1799,Manuális,140,103,11,Kitűnő,Benzin,104000,https://www.hasznaltauto.hu/szemelyauto/honda/civic/honda_civic_1_8_sport_vez_sz_konyv-104ekm-1tulaj-ser_mentes-16567768
22,HONDA CIVIC 1.4 Sport,2890000,2012,8,Fekete (metál),1339,Manuális,99,73,6,Megkímélt,Benzin,90000,https://www.hasznaltauto.hu/szemelyauto/honda/civic/honda_civic_1_4_sport-16568054
23,HONDA CIVIC 1.4 Sport,2890000,2012,8,Kék (metál),1339,Manuális,99,73,4,Normál,Benzin,77000,https://www.hasznaltauto.hu/szemelyauto/honda/civic/honda_civic_1_4_sport-16568063
24,HONDA CIVIC 1.4 Sport,2890000,2012,8,Aranysárga (metál),1339,Manuális,99,73,8,Normál,Benzin,80000,https://www.hasznaltauto.hu/szemelyauto/honda/civic/honda_civic_1_4_sport-16568102
25,HONDA CIVIC 1.4 Comfort Szervízkönyv,2860000,2012,8.416000000000167,Fehér,1339,Manuális,99,73,6,Kitűnő,Benzin,101973,https://www.hasznaltauto.hu/szemelyauto/honda/civic/honda_civic_1_4_comfort_szervizkonyv-16557682
26,HONDA CIVIC 1.8 Sport 165.750 km!!!,2850000,2012,8.166000000000167,Sárga (metál),1798,Manuális,141,104,12,Megkímélt,Benzin,165750,https://www.hasznaltauto.hu/szemelyauto/honda/civic/honda_civic_1_8_sport_165_750_km-16153671
27,HONDA CIVIC 1.8 Executive (Automata) Sport . gyári fényezés. garanciával ingyenes szervízekkel akár önerő nélkül is,2799000,2010,10.75,Sötétszürke (metál),1799,Automata,140,103,8,Kitűnő,Benzin,108,https://www.hasznaltauto.hu/szemelyauto/honda/civic/honda_civic_1_8_executive_automata_sport_gyari_fenyezes_garanciaval_ingyenes_szervizekkel_akar_onero_nelkul_is-16479966
28,HONDA CIVIC 1.8 Sport,2795000,2011,9.083000000000084,Fekete,1799,Manuális,140,103,5,Normál,Benzin,178181,https://www.hasznaltauto.hu/szemelyauto/honda/civic/honda_civic_1_8_sport-16506406
29,HONDA CIVIC 1.8 Sport magyarországi,2790000,2010,10,Szürke (metál),1799,Manuális,140,103,5,Megkímélt,Benzin,85700,https://www.hasznaltauto.hu/szemelyauto/honda/civic/honda_civic_1_8_sport_magyarorszagi-16401921
30,HONDA CIVIC 1.6 CTDi Comfort,2789000,2013,7.583000000000084,Fehér,1597,Manuális,120,88,11,Kitűnő,Dízel,129705,https://www.hasznaltauto.hu/szemelyauto/honda/civic/honda_civic_1_6_ctdi_comfort-15551107
31,HONDA CIVIC 1.8 Sport (Automata) FULL SZERVIZ,2749000,2011,9.583000000000084,Piros,1798,Automata,141,104,12,Kitűnő,Benzin,195310,https://www.hasznaltauto.hu/szemelyauto/honda/civic/honda_civic_1_8_sport_automata_full_szerviz-16515452
32,HONDA CIVIC 1.8 Sport Special Edition GT,2749000,2010,10.5,Fekete,1799,Manuális,140,103,12,Normál,Benzin,149433,https://www.hasznaltauto.hu/szemelyauto/honda/civic/honda_civic_1_8_sport_special_edition_gt-16540506
33,HONDA CIVIC 1.8 Sport BENZINES 136.000 Km,2699000,2011,9,Piros,1799,Manuális,140,103,12,Sérülésmentes,Benzin,136144,https://www.hasznaltauto.hu/szemelyauto/honda/civic/honda_civic_1_8_sport_benzines_136_000_km-16412379
34,HONDA CIVIC 1.8 Sport TOLATÓKAMERA. MAGYAR AUTÓ.TÉLIGUMIK.KÉT KULCS.GYÖNGYHÁZ FEHÉR !,2696000,2012,8.416000000000167,Fehér (metál),1798,Manuális,141,104,12,Újszerű,Benzin,312000,https://www.hasznaltauto.hu/szemelyauto/honda/civic/honda_civic_1_8_sport_tolatokamera_magyar_auto_teligumik_ket_kulcs_gyongyhaz_feher-16405175
35,HONDA CIVIC 1.4 Comfort,2590000,2012,8.583000000000084,Fekete,1339,Manuális,99,73,11,Normál,Benzin,88131,https://www.hasznaltauto.hu/szemelyauto/honda/civic/honda_civic_1_4_comfort-16420007
36,HONDA CIVIC 1.8 Sport Special Edition VEZ.SZ.KÖNYV-100eKM-1TULAJDONOS !!,2690000,2010,10.25,Fekete (metál),1799,Manuális,140,103,11,Kitűnő,Benzin,100030,https://www.hasznaltauto.hu/szemelyauto/honda/civic/honda_civic_1_8_sport_special_edition_vez_sz_konyv-100ekm-1tulajdonos-16564225
37,HONDA CIVIC 1.6 i-DTEC Elegance Navi sérülésmentes. szervizkönyves,2659000,2015,5.666000000000167,Ezüst (metál),1597,Manuális,120,88,12,Megkímélt,Dízel,292767,https://www.hasznaltauto.hu/szemelyauto/honda/civic/honda_civic_1_6_i-dtec_elegance_navi_serulesmentes_szervizkonyves-16491257
38,HONDA CIVIC 1.8 Sport,2650000,2012,8.75,Fehér,1798,Manuális,141,104,6,Kitűnő,Benzin,310000,https://www.hasznaltauto.hu/szemelyauto/honda/civic/honda_civic_1_8_sport-15969630
39,HONDA CIVIC 1.4 Sport 75ezer Km!-Félbőr+Téli gumi alufelnire szerelve!,2650000,2011,9,Világosbarna (metál),1339,Manuális,99,73,12,Újszerű,Benzin,75900,https://www.hasznaltauto.hu/szemelyauto/honda/civic/honda_civic_1_4_sport_75ezer_km-felbor_plusz_teli_gumi_alufelnire_szerelve-16357296
40,HONDA CIVIC 1.4 Comfort Friss műszaki. azonnal vihető!,2649000,2013,7.416000000000167,Sötétzöld,1339,Manuális,99,73,6,Normál,Benzin,179000,https://www.hasznaltauto.hu/szemelyauto/honda/civic/honda_civic_1_4_comfort_friss_muszaki_azonnal_viheto-16042663
41,HONDA CIVIC 1.8 Sport TEMPOMAT-SZ.KÖNYV-ÚJ GUMIK-FÉLBŐR,2649000,2010,10.333000000000084,Piros (metál),1799,Manuális,140,103,12,Megkímélt,Benzin,160000,https://www.hasznaltauto.hu/szemelyauto/honda/civic/honda_civic_1_8_sport_tempomat-sz_konyv-uj_gumik-felbor-16548689
42,HONDA CIVIC 1.8 Sport Sérülésmentes,2625000,2011,9.083000000000084,Piros,1799,Manuális,140,103,12,Kitűnő,Benzin,154200,https://www.hasznaltauto.hu/szemelyauto/honda/civic/honda_civic_1_8_sport_serulesmentes-16388468
43,HONDA CIVIC 1.4 Comfort Mo-i. szervizkönyv. 1 év garancia,2600000,2012,8.083000000000084,Aranysárga (metál),1339,Manuális,99,73,5,Normál,Benzin,196528,https://www.hasznaltauto.hu/szemelyauto/honda/civic/honda_civic_1_4_comfort_mo-i_szervizkonyv_1_ev_garancia-16516649
44,HONDA CIVIC 1.8 Type-S,2600000,2010,10.5,null,1799,Manuális,140,103,5,Kitűnő,Benzin,195000,https://www.hasznaltauto.hu/szemelyauto/honda/civic/honda_civic_1_8_type-s-16523692
45,HONDA CIVIC 1.8 Sport 136 EZER KM / SZERVIZKÖNYV / 17 ALU / HOROG /,2599000,2010,10.416000000000167,null,1799,Manuális,140,103,12,Normál,Benzin,136000,https://www.hasznaltauto.hu/szemelyauto/honda/civic/honda_civic_1_8_sport_136_ezer_km_szervizkonyv_17_alu_horog-16320981
46,HONDA CIVIC 1.8 Sport MAKULÁTLAN ÁLLAPOTBAN! GARANTÁLT KM! KÉZI VÁLTÓ!,2598000,2013,7,Fekete (metál),1799,Manuális,140,103,9,Sérülésmentes,Benzin,253937,https://www.hasznaltauto.hu/szemelyauto/honda/civic/honda_civic_1_8_sport_makulatlan_allapotban_garantalt_km_kezi_valto-16479571
47,HONDA CIVIC 1.4 Comfort,2590000,2013,7.583000000000084,Sötétszürke (metál),1339,Manuális,99,73,12,Sérülésmentes,Benzin,208000,https://www.hasznaltauto.hu/szemelyauto/honda/civic/honda_civic_1_4_comfort-16491831
48,HONDA CIVIC 1.8 Sport MO-I ELSŐ FORGALOMBA HELYEZÉS,2550000,2011,9.583000000000084,Fekete (metál),1799,Manuális,140,103,11,Sérülésmentes,Benzin,268000,https://www.hasznaltauto.hu/szemelyauto/honda/civic/honda_civic_1_8_sport_mo-i_elso_forgalomba_helyezes-16140623
49,HONDA CIVIC 1.4 Sport,2530000,2011,9.583000000000084,Fekete (metál),1339,Manuális,99,73,12,Kitűnő,Benzin,107162,https://www.hasznaltauto.hu/szemelyauto/honda/civic/honda_civic_1_4_sport-16438995
50,HONDA CIVIC 1.4 Sport Szervízkönyv,2550000,2012,8,Fekete,1339,Manuális,99,73,6,Normál,Benzin,199560,https://www.hasznaltauto.hu/szemelyauto/honda/civic/honda_civic_1_4_sport_szervizkonyv-16567986
51,HONDA CIVIC 1.4 Comfort,2500000,2013,7.25,Fekete,1339,Manuális,99,73,6,Újszerű,Benzin,214000,https://www.hasznaltauto.hu/szemelyauto/honda/civic/honda_civic_1_4_comfort-16530225
52,HONDA CIVIC 1.8 Sport TEMPOMAT-ÜLÉSFŰTÉS-SZ.KÖNYV,2498000,2010,10,Piros (metál),1799,Manuális,140,103,12,Normál,Benzin,127000,https://www.hasznaltauto.hu/szemelyauto/honda/civic/honda_civic_1_8_sport_tempomat-ulesfutes-sz_konyv-16548709
53,HONDA CIVIC 2.2 CTDi Sport,2450000,2012,8.25,null,2199,Manuális,150,110,6,Kitűnő,Dízel,264000,https://www.hasznaltauto.hu/szemelyauto/honda/civic/honda_civic_2_2_ctdi_sport-16243527
54,HONDA CIVIC 1.8 Type-S i-SHIFT,2450000,2010,10,Piros,1799,Automata,140,103,6,Újszerű,Benzin,161000,https://www.hasznaltauto.hu/szemelyauto/honda/civic/honda_civic_1_8_type-s_i-shift-16351382
55,HONDA CIVIC 1.8 Sport Special Edition,2449900,2010,10.666000000000167,null,1799,Manuális,140,103,7,Normál,Benzin,178000,https://www.hasznaltauto.hu/szemelyauto/honda/civic/honda_civic_1_8_sport_special_edition-16287374
56,HONDA CIVIC 1.4 Sport Elegance . garanciával ingyenes szervízekkel akár önerő nélkül,2399000,2010,10.75,Bíborvörös (metál),1339,Manuális,99,73,8,Megkímélt,Benzin,125,https://www.hasznaltauto.hu/szemelyauto/honda/civic/honda_civic_1_4_sport_elegance_garanciaval_ingyenes_szervizekkel_akar_onero_nelkul-16508846
57,HONDA CIVIC 1.4 Sport,2390000,2011,9.583000000000084,Sötétszürke (metál),1339,Manuális,99,73,12,Megkímélt,Benzin,177700,https://www.hasznaltauto.hu/szemelyauto/honda/civic/honda_civic_1_4_sport-16449642
58,HONDA CIVIC 1.4 Sport i-SHIFT,2390000,2011,9.083000000000084,Sötétszürke,1339,Automata,99,73,4,Kitűnő,Benzin,120325,https://www.hasznaltauto.hu/szemelyauto/honda/civic/honda_civic_1_4_sport_i-shift-16531691
59,HONDA CIVIC 1.4 Sport GT EDITION. Sérülésmentes. 110.000 km!,2390000,2010,10.333000000000084,Piros,1339,Manuális,99,73,12,Sérülésmentes,Benzin,110000,https://www.hasznaltauto.hu/szemelyauto/honda/civic/honda_civic_1_4_sport_gt_edition_serulesmentes_110_000_km-16557374
60,HONDA CIVIC 1.4 Type-S,2390000,2011,9.583000000000084,null,1339,Manuális,99,73,7,Kitűnő,Benzin,105000,https://www.hasznaltauto.hu/szemelyauto/honda/civic/honda_civic_1_4_type-s-16568067
61,HONDA CIVIC 1.4 Comfort,2380000,2011,9.333000000000084,Fekete (metál),1339,Manuális,99,73,12,Normál,Benzin,126000,https://www.hasznaltauto.hu/szemelyauto/honda/civic/honda_civic_1_4_comfort-16556783
62,HONDA CIVIC 2.2 CTDi Sport Kamera Fűtött ülés Tempomat Vonóhorog,2350000,2012,8.333000000000084,Fehér (metál),2199,Manuális,150,110,11,Normál,Dízel,160211,https://www.hasznaltauto.hu/szemelyauto/honda/civic/honda_civic_2_2_ctdi_sport_kamera_futott_ules_tempomat_vonohorog-16542395
63,HONDA CIVIC 1.4 Type-S Magán szem. friss műsz. új nyári -téli gar,2299900,2011,9.333000000000084,null,1339,Manuális,99,73,6,Megkímélt,Benzin,214000,https://www.hasznaltauto.hu/szemelyauto/honda/civic/honda_civic_1_4_type-s_magan_szem_friss_musz_uj_nyari_-teli_gar-16514143
64,HONDA CIVIC 1.4 Sport SZERVIZKÖNYV. DIGITÁLIS KLÍMA. TEMPOMAT. 2 ÉV FRISS MŰSZAKI VIZSGA,2299000,2011,9.666000000000167,Fekete (metál),1339,Manuális,99,73,11,Megkímélt,Benzin,123343,https://www.hasznaltauto.hu/szemelyauto/honda/civic/honda_civic_1_4_sport_szervizkonyv_digitalis_klima_tempomat_2_ev_friss_muszaki_vizsga-16519002
65,HONDA CIVIC 1.8 Sport KILOMÉTER GARANCIÁVAL JÓ ÁLLAPOTBAN,2299000,2010,10.5,Piros,1799,Manuális,140,103,6,Normál,Benzin,174500,https://www.hasznaltauto.hu/szemelyauto/honda/civic/honda_civic_1_8_sport_kilometer_garanciaval_jo_allapotban-16522315
66,HONDA CIVIC 1.4 Sport i-SHIFT 92.900km!,2299000,2010,10.666000000000167,Fekete,1339,Manuális,99,73,6,Megkímélt,Benzin,92900,https://www.hasznaltauto.hu/szemelyauto/honda/civic/honda_civic_1_4_sport_i-shift_92_900km-16576518
67,HONDA CIVIC 1.8 Sport Magyarországi.Szervizkönyv,2295000,2011,9.25,Ezüst (metál),1799,Manuális,140,103,12,Megkímélt,Benzin,229400,https://www.hasznaltauto.hu/szemelyauto/honda/civic/honda_civic_1_8_sport_magyarorszagi_szervizkonyv-16568402
68,HONDA CIVIC 1.8 Sport Sérülésmentes,2275000,2010,10.666000000000167,Ezüst (metál),1799,Manuális,140,103,12,Sérülésmentes,Benzin,180135,https://www.hasznaltauto.hu/szemelyauto/honda/civic/honda_civic_1_8_sport_serulesmentes-16519307
69,HONDA CIVIC 1.4 Sport GT,2250000,2010,10.333000000000084,Fekete (metál),1339,Manuális,99,73,6,Újszerű,Benzin,98700,https://www.hasznaltauto.hu/szemelyauto/honda/civic/honda_civic_1_4_sport_gt-16572954
70,HONDA CIVIC 1.4 Sport SZERVÍZKÖNYV,2249000,2010,9.916000000000167,Fekete (metál),1339,Manuális,99,73,6,Megkímélt,Benzin,81000,https://www.hasznaltauto.hu/szemelyauto/honda/civic/honda_civic_1_4_sport_szervizkonyv-16424079
71,HONDA CIVIC 1.4 Type-S,2200000,2010,10.416000000000167,Fekete (metál),1339,Manuális,99,73,6,Normál,Benzin,175600,https://www.hasznaltauto.hu/szemelyauto/honda/civic/honda_civic_1_4_type-s-16513093
72,HONDA CIVIC 1.8 Sport AZONNAL VIHETŐ!,2199000,2010,10.25,null,1799,Manuális,140,103,8,Kitűnő,Benzin,139000,https://www.hasznaltauto.hu/szemelyauto/honda/civic/honda_civic_1_8_sport_azonnal_viheto-16404879
73,HONDA CIVIC 1.4 Sport Tempomat! Klíma!,2150000,2010,10.5,Szürke,1339,Manuális,99,73,12,Normál,Benzin,156406,https://www.hasznaltauto.hu/szemelyauto/honda/civic/honda_civic_1_4_sport_tempomat_klima-15587816
74,HONDA CIVIC 1.4 Sport Garantált 82000km,2190000,2010,10.333000000000084,Piros,1339,Manuális,99,73,12,Megkímélt,Benzin,82309,https://www.hasznaltauto.hu/szemelyauto/honda/civic/honda_civic_1_4_sport_garantalt_82000km-16426265
75,HONDA CIVIC 1.4 Sport TEMPOMAT-PARKRADAR-MULTIKORMÁNY,2190000,2011,9.25,Fehér (metál),1339,Manuális,99,73,11,Normál,Benzin,129895,https://www.hasznaltauto.hu/szemelyauto/honda/civic/honda_civic_1_4_sport_tempomat-parkradar-multikormany-16547497
76,HONDA CIVIC 1.4 Comfort KIFOGÁSTALAN GYÖNYÖRŰ ÁLLAPOT!,2150000,2011,9.583000000000084,Piros (metál),1339,Manuális,99,73,10,Megkímélt,Benzin,190000,https://www.hasznaltauto.hu/szemelyauto/honda/civic/honda_civic_1_4_comfort_kifogastalan_gyonyoru_allapot-16413224
77,HONDA CIVIC 1.4 Sport Tempomat. új téli garnitúra,2099000,2011,9.75,Ezüst (metál),1339,Manuális,99,73,12,Normál,Benzin,158500,https://www.hasznaltauto.hu/szemelyauto/honda/civic/honda_civic_1_4_sport_tempomat_uj_teli_garnitura-16490320
78,HONDA CIVIC 1.4 Comfort,2099000,2011,9.666000000000167,Piros,1339,Manuális,99,73,12,Kitűnő,Benzin,136800,https://www.hasznaltauto.hu/szemelyauto/honda/civic/honda_civic_1_4_comfort-16528575
79,HONDA CIVIC 1.4 Sport,2090000,2010,10.666000000000167,null,1339,Manuális,99,73,12,Megkímélt,Benzin,131745,https://www.hasznaltauto.hu/szemelyauto/honda/civic/honda_civic_1_4_sport-15625850
80,HONDA CIVIC 1.4 Sport,2089000,2010,10.5,Fekete (metál),1339,Manuális,99,73,4,Megkímélt,Benzin,115879,https://www.hasznaltauto.hu/szemelyauto/honda/civic/honda_civic_1_4_sport-16463396
81,HONDA CIVIC 1.4 Sport AKCIÓ ! JÓ ÁLLAPOTBAN KÉT ÉV MŰSZAKIVAL,1999000,2010,10.666000000000167,Ezüst (metál),1339,Manuális,99,73,6,Normál,Benzin,151200,https://www.hasznaltauto.hu/szemelyauto/honda/civic/honda_civic_1_4_sport_akcio_jo_allapotban_ket_ev_muszakival-16261345
82,HONDA CIVIC 1.4 Sport Szervízkönyv!,1990000,2010,10,Piros (metál),1339,Manuális,99,73,9,Megkímélt,Benzin,127000,https://www.hasznaltauto.hu/szemelyauto/honda/civic/honda_civic_1_4_sport_szervizkonyv-16465468
83,HONDA CIVIC 1.4 Sport,1990000,2010,10.416000000000167,Piros,1339,Manuális,99,73,11,Megkímélt,Benzin,174000,https://www.hasznaltauto.hu/szemelyauto/honda/civic/honda_civic_1_4_sport-16533441
84,HONDA CIVIC 1.4 Sport SZERVIZKÖNYV,1990000,2010,10.166000000000167,Piros (metál),1339,Manuális,99,73,12,Megkímélt,Benzin,178000,https://www.hasznaltauto.hu/szemelyauto/honda/civic/honda_civic_1_4_sport_szervizkonyv-16541878
85,HONDA CIVIC 1.4 Sport,1990000,2010,10.083000000000084,Piros,1339,Manuális,99,73,10,Megkímélt,Benzin,120000,https://www.hasznaltauto.hu/szemelyauto/honda/civic/honda_civic_1_4_sport-16556119
86,HONDA CIVIC 1.4 Sport KLÍMA / CD,1980000,2010,10.75,Fekete (metál),1339,Manuális,99,73,11,Kitűnő,Benzin,199000,https://www.hasznaltauto.hu/szemelyauto/honda/civic/honda_civic_1_4_sport_klima_cd-16575596
87,HONDA CIVIC 1.4 Sport i-SHIFT,1949000,2010,10.333000000000084,Ezüst,1339,Automata,99,73,11,Normál,Benzin,188000,https://www.hasznaltauto.hu/szemelyauto/honda/civic/honda_civic_1_4_sport_i-shift-16185329
88,HONDA CIVIC 1.4 Type-S / Digitklíma/ Tempomat B-17,1949000,2011,9.583000000000084,Kék (metál),1339,Manuális,99,73,12,Normál,Benzin,173933,https://www.hasznaltauto.hu/szemelyauto/honda/civic/honda_civic_1_4_type-s_digitklima_tempomat_b-17-16334812
89,HONDA CIVIC 1.4 Sport i-SHIFT Citi.Elegance. Magyar Sz.könyv !,1899000,2010,10.75,Ezüst (metál),1339,Manuális,99,73,6,Megkímélt,Benzin,131000,https://www.hasznaltauto.hu/szemelyauto/honda/civic/honda_civic_1_4_sport_i-shift_citi_elegance_magyar_sz_konyv-16484483
90,HONDA CIVIC 1.4 Sport 135000 km,1899000,2011,9.583000000000084,Piros,1339,Manuális,99,73,10,Megkímélt,Benzin,135400,https://www.hasznaltauto.hu/szemelyauto/honda/civic/honda_civic_1_4_sport_135000_km-16556034
91,HONDA CIVIC 1.4 Sport DIGIT-KLIMA.TÉLI KERÉK GARNITURA,1850000,2010,10.166000000000167,Piros,1339,Manuális,99,73,5,Normál,Benzin,155000,https://www.hasznaltauto.hu/szemelyauto/honda/civic/honda_civic_1_4_sport_digit-klima_teli_kerek_garnitura-16547688
92,HONDA CIVIC 1.4 Sport i-SHIFT,1810000,2010,10.25,Ezüst (metál),1339,Automata,99,73,6,Normál,Benzin,183000,https://www.hasznaltauto.hu/szemelyauto/honda/civic/honda_civic_1_4_sport_i-shift-16575497
93,HONDA CIVIC 2.2 CTDi Executive DIGITKLÍMA-PANORÁMATETŐ,1795900,2010,10.416000000000167,Piros,2204,Manuális,140,103,12,Normál,Dízel,173311,https://www.hasznaltauto.hu/szemelyauto/honda/civic/honda_civic_2_2_ctdi_executive_digitklima-panoramateto-16269759
94,HONDA CIVIC 1.0 T Elegance Navi CVT ÚJKORI MAGYAR - FULL EXTRA + AUTOMATA!,5699999,2017,2.8330000000000837,Sötétszürke (metál),988,Automata,129,95,12,Normál,Benzin,58600,https://www.hasznaltauto.hu/szemelyauto/honda/civic/honda_civic_1_0_t_elegance_navi_cvt_ujkori_magyar_-_full_extra_plusz_automata-16569678
95,HONDA CIVIC 1.6 i-DTEC Sport Navi,4190000,2016,3.9160000000001673,Sötétszürke (metál),1597,Manuális,120,88,12,Sérülésmentes,Dízel,110000,https://www.hasznaltauto.hu/szemelyauto/honda/civic/honda_civic_1_6_i-dtec_sport_navi-16556014
96,HONDA CIVIC 1.8 Lifestyle,3990000,2014,6.333000000000084,Világosbarna (metál),1798,Manuális,141,104,12,Újszerű,Benzin,58300,https://www.hasznaltauto.hu/szemelyauto/honda/civic/honda_civic_1_8_lifestyle-16569121
97,HONDA CIVIC 1.8 Sport / ÚJSZERŰ / SÉRÜLÉSMENTES / 75 E KM /,3799000,2013,7.166000000000167,Ezüst (metál),1798,Manuális,141,104,12,Kitűnő,Benzin,74238,https://www.hasznaltauto.hu/szemelyauto/honda/civic/honda_civic_1_8_sport_ujszeru_serulesmentes_75_e_km-16419629
98,HONDA CIVIC 1.8 Sport / SÉRÜLÉSMENTES / IGAZOLT SZERVIZMÚLT /,3699000,2013,7.75,Barna (metál),1798,Manuális,141,104,12,Kitűnő,Benzin,74468,https://www.hasznaltauto.hu/szemelyauto/honda/civic/honda_civic_1_8_sport_serulesmentes_igazolt_szervizmult-16507185
99,HONDA CIVIC 1.4 Comfort SÉRÜLÉSMENTES!,3495000,2015,5.583000000000084,Fekete (metál),1339,Manuális,99,73,12,Sérülésmentes,Benzin,65400,https://www.hasznaltauto.hu/szemelyauto/honda/civic/honda_civic_1_4_comfort_serulesmentes-16573636
100,HONDA CIVIC 1.8 Sport (Automata),3449000,2012,8.416000000000167,Fehér (metál),1798,Automata,141,104,9,Kitűnő,Benzin,87000,https://www.hasznaltauto.hu/szemelyauto/honda/civic/honda_civic_1_8_sport_automata-15969053
101,HONDA CIVIC 2.2 CTDi Executive Panoráma.Bőr.Kamera full extra,3190000,2012,8.416000000000167,Ezüst (metál),2199,Manuális,150,110,12,Kitűnő,Dízel,117000,https://www.hasznaltauto.hu/szemelyauto/honda/civic/honda_civic_2_2_ctdi_executive_panorama_bor_kamera_full_extra-16562820
102,HONDA CIVIC 1.8 Sport Tempomat.Félbőr.Parkradar.Facelift,2790000,2010,10.583000000000084,Fekete (metál),1799,Manuális,140,103,12,Normál,Benzin,118282,https://www.hasznaltauto.hu/szemelyauto/honda/civic/honda_civic_1_8_sport_tempomat_felbor_parkradar_facelift-16480273
103,HONDA CIVIC 1.8 Sport GT kivitel.Egy tulajdonos.Vezetett szervizkönyv.1 év garanciával!,2490000,2010,9.833000000000084,Kék,1799,Manuális,140,103,12,Kitűnő,Benzin,200000,https://www.hasznaltauto.hu/szemelyauto/honda/civic/honda_civic_1_8_sport_gt_kivitel_egy_tulajdonos_vezetett_szervizkonyv_1_ev_garanciaval-16567325
105,HONDA CIVIC 2.0 T Type R GT Navi/Led/Acc/Tolatókamera,13599999,2019,1.25,Fehér (metál),1996,Manuális,320,235,6,Sérülésmentes,Benzin,17500,https://www.hasznaltauto.hu/szemelyauto/honda/civic/honda_civic_2_0_t_type_r_gt_navi_led_acc_tolatokamera-16436747
106,HONDA CIVIC 2.0 T Type R GT SORSZÁMPZOTT.MO-I.1TULAJ,12999999,2019,1.1660000000001673,Fehér,1996,Manuális,320,235,6,Megkímélt,Benzin,42504,https://www.hasznaltauto.hu/szemelyauto/honda/civic/honda_civic_2_0_t_type_r_gt_sorszampzott_mo-i_1tulaj-16251020
107,HONDA CIVIC 2.0 T Type R REMUS AUSPUFF,12890000,2019,1.1660000000001673,Fekete,1996,Manuális,320,235,8,Újszerű,Benzin,13000,https://www.hasznaltauto.hu/szemelyauto/honda/civic/honda_civic_2_0_t_type_r_remus_auspuff-16053411
108,HONDA CIVIC 2.0 T Type R,12690000,2018,1.8330000000000837,null,1996,Manuális,320,235,12,Kitűnő,Benzin,19800,https://www.hasznaltauto.hu/szemelyauto/honda/civic/honda_civic_2_0_t_type_r-16560272
109,HONDA CIVIC 2.0 T Type R GT,12549000,2018,2.1660000000001673,Kék,1996,Manuális,320,235,4,Újszerű,Benzin,16666,https://www.hasznaltauto.hu/szemelyauto/honda/civic/honda_civic_2_0_t_type_r_gt-16424088
110,HONDA CIVIC 2.0 T Type R GT garanciális 2023. 01.-ig,12290000,2020,0.75,Piros,1996,Manuális,320,235,12,Újszerű,Benzin,11615,https://www.hasznaltauto.hu/szemelyauto/honda/civic/honda_civic_2_0_t_type_r_gt_garancialis_2023_01_-ig-16413923
111,HONDA CIVIC 2.0 T Type R GT GT Navi Led Shz Pdc Kamera,10990000,2017,3.0830000000000837,Szürke,1996,Manuális,320,235,11,Újszerű,Benzin,24000,https://www.hasznaltauto.hu/szemelyauto/honda/civic/honda_civic_2_0_t_type_r_gt_gt_navi_led_shz_pdc_kamera-16075793
112,HONDA CIVIC 2.0 Type R GT Pack Navi/Led/Tolatókamera,10699999,2016,4.5,Szürke (metál),1996,Manuális,310,228,6,Sérülésmentes,Benzin,47000,https://www.hasznaltauto.hu/szemelyauto/honda/civic/honda_civic_2_0_type_r_gt_pack_navi_led_tolatokamera-16436680
113,HONDA CIVIC 2.0 T Type R,9200000,2017,3,null,1996,Manuális,320,235,3,Sérülésmentes,Benzin,62000,https://www.hasznaltauto.hu/szemelyauto/honda/civic/honda_civic_2_0_t_type_r-16023070
114,HONDA CIVIC 1.5 T Prestige CVT,8600000,2019,1.1660000000001673,Fehér (metál),1498,Automata,182,134,6,Kitűnő,Benzin,16000,https://www.hasznaltauto.hu/szemelyauto/honda/civic/honda_civic_1_5_t_prestige_cvt-16122894
115,HONDA CIVIC 1.6 D Elegance Navi Led/Acc/AppleCarplay,8199999,2018,2.5830000000000837,Piros (metál),1597,Manuális,120,88,6,Sérülésmentes,Dízel,26500,https://www.hasznaltauto.hu/szemelyauto/honda/civic/honda_civic_1_6_d_elegance_navi_led_acc_applecarplay-16436868
116,HONDA CIVIC 1.5 T Sport Plus CVT Sérülésmentes . kevés km. szalon állapotban eladó,7890000,2019,1.25,Fehér (metál),1498,Automata,182,134,6,Sérülésmentes,Benzin,9000,https://www.hasznaltauto.hu/szemelyauto/honda/civic/honda_civic_1_5_t_sport_plus_cvt_serulesmentes_keves_km_szalon_allapotban_elado-16541329
117,HONDA CIVIC 1.0 T Elegance Navi Special Edition! Készpénz kedvezménnyel,7250000,2020,0.5,Kék (metál),988,Manuális,126,93,6,Normál,Benzin,2500,https://www.hasznaltauto.hu/szemelyauto/honda/civic/honda_civic_1_0_t_elegance_navi_special_edition_keszpenz_kedvezmennyel-15675091
118,HONDA CIVIC 1.0 T Elegance Navi CVT Mo-i - EGYGAZDÁS - ÚJ AUTÓ! - 2027-IG GYÁRI GARANCIÁVAL!!!,6998000,2019,1,Kék (metál),988,Automata,126,93,12,Sérülésmentes,Benzin,3122,https://www.hasznaltauto.hu/szemelyauto/honda/civic/honda_civic_1_0_t_elegance_navi_cvt_mo-i_-_egygazdas_-_uj_auto_-_2027-ig_gyari_garanciaval-16395184
119,HONDA CIVIC 1.5 T Sport THM:4.90%-tól-SÉRMENTES - ÁFÁS - NAVI,6980000,2018,2.25,Ezüst (metál),1498,Manuális,182,134,12,Sérülésmentes,Benzin,11000,https://www.hasznaltauto.hu/szemelyauto/honda/civic/honda_civic_1_5_t_sport_thm4_90-tol-sermentes_-_afas_-_navi-15995024
120,HONDA CIVIC 1.6 D Executive Premium BŐR-LED-NAVI-PANO.TETŐ,6980000,2018,2,Fekete,1597,Manuális,120,88,12,Sérülésmentes,Dízel,42190,https://www.hasznaltauto.hu/szemelyauto/honda/civic/honda_civic_1_6_d_executive_premium_bor-led-navi-pano_teto-16308486
121,HONDA CIVIC 1.5 T Sport Plus 1.5 DOHC V-TECH TURBÓ SPORT PLUS CVT,6790000,2018,2.5830000000000837,Szürke (metál),1498,Automata,182,134,11,Normál,Benzin,75890,https://www.hasznaltauto.hu/szemelyauto/honda/civic/honda_civic_1_5_t_sport_plus_1_5_dohc_v-tech_turbo_sport_plus_cvt-16545950
122,HONDA CIVIC 1.0 T Elegance Navi Acc/Navi/Tolatókamera,6399999,2018,2.5830000000000837,Szürke (metál),988,Manuális,129,95,6,Sérülésmentes,Benzin,38945,https://www.hasznaltauto.hu/szemelyauto/honda/civic/honda_civic_1_0_t_elegance_navi_acc_navi_tolatokamera-16436816
123,HONDA CIVIC 1.6 D Elegance Navi,6190000,2019,1.4160000000001673,Fekete,1597,Manuális,120,88,6,Sérülésmentes,Dízel,13800,https://www.hasznaltauto.hu/szemelyauto/honda/civic/honda_civic_1_6_d_elegance_navi-16058535
124,HONDA CIVIC 1.6 D Elegance Navi,6100000,2019,1.4160000000001673,Fehér,1597,Manuális,120,88,6,Újszerű,Dízel,14600,https://www.hasznaltauto.hu/szemelyauto/honda/civic/honda_civic_1_6_d_elegance_navi-16558997
125,HONDA CIVIC 1.6 D Elegance Navi,5999999,2019,1.6660000000001673,Fehér (metál),1597,Manuális,120,88,6,Megkímélt,Dízel,21030,https://www.hasznaltauto.hu/szemelyauto/honda/civic/honda_civic_1_6_d_elegance_navi-16463635
126,HONDA CIVIC 1.5 T Sport Plus,5990000,2018,1.8330000000000837,Fehér (metál),1498,Manuális,182,134,12,Kitűnő,Benzin,98242,https://www.hasznaltauto.hu/szemelyauto/honda/civic/honda_civic_1_5_t_sport_plus-16376930
127,HONDA CIVIC 1.5 T Sport CVT Tetőablak. Ülésfűtés,5990000,2019,1.25,Ezüst (metál),1498,Automata,182,134,12,Normál,Benzin,6700,https://www.hasznaltauto.hu/szemelyauto/honda/civic/honda_civic_1_5_t_sport_cvt_tetoablak_ulesfutes-16511113
128,HONDA CIVIC 1.6 D Comfort Magyarországi!!,5590000,2019,1.5,Fehér (metál),1597,Manuális,120,88,9,Normál,Dízel,47000,https://www.hasznaltauto.hu/szemelyauto/honda/civic/honda_civic_1_6_d_comfort_magyarorszagi-16336216
129,HONDA CIVIC 1.8 Exe ADAS Navi (Automata),5299000,2016,4.166000000000167,null,1798,Automata,141,104,6,Megkímélt,Benzin,62100,https://www.hasznaltauto.hu/szemelyauto/honda/civic/honda_civic_1_8_exe_adas_navi_automata-16534707
130,HONDA CIVIC 1.8 Lifestyle ADAS (Automata) 33ekm-1Tulaj-Törésmentes-Led-Navi-Automata-Szép,5250000,2016,4.333000000000084,Sötétszürke (metál),1798,Automata,141,104,12,Sérülésmentes,Benzin,33700,https://www.hasznaltauto.hu/szemelyauto/honda/civic/honda_civic_1_8_lifestyle_adas_automata_33ekm-1tulaj-toresmentes-led-navi-automata-szep-16539221
131,HONDA CIVIC 1.8 Sport Navi SZERVIZKÖNYV. XENON. NAVIGÁCIÓ. TOLATÓKAMERA. TEMPOMAT. ÜLÉSFŰTÉS. START/STOP,5090000,2016,3.8330000000000837,Barna (metál),1798,Manuális,141,104,12,Kitűnő,Benzin,98000,https://www.hasznaltauto.hu/szemelyauto/honda/civic/honda_civic_1_8_sport_navi_szervizkonyv_xenon_navigacio_tolatokamera_tempomat_ulesfutes_start_stop-16357429
132,HONDA CIVIC 1.8 Sport Navi,4990000,2015,4.833000000000084,Fehér (metál),1798,Manuális,141,104,6,Kitűnő,Benzin,86000,https://www.hasznaltauto.hu/szemelyauto/honda/civic/honda_civic_1_8_sport_navi-15909923
133,HONDA CIVIC 1.8 Elegance Navi,4990000,2016,4.166000000000167,Sötétszürke (metál),1798,Manuális,141,104,6,Sérülésmentes,Benzin,82900,https://www.hasznaltauto.hu/szemelyauto/honda/civic/honda_civic_1_8_elegance_navi-16442310
134,HONDA CIVIC 1.8 Elegance (Automata) Magánszemélytől.AUTOMATA ygöngyház fehér. Téli-nyári kerekek alufelnivel 45000km,4850000,2015,5.75,null,1798,Automata,141,104,6,Kitűnő,Benzin,45333,https://www.hasznaltauto.hu/szemelyauto/honda/civic/honda_civic_1_8_elegance_automata_maganszemelytol_automata_ygongyhaz_feher_teli-nyari_kerekek_alufelnivel_45000km-16567032
135,HONDA CIVIC 1.4 Elegance V-tec Start-stop DIGIT klíma-RÁFUTÁS GÁTLÓ Tempomat,4780000,2017,3.6660000000001673,Sötétszürke (metál),1339,Manuális,99,73,12,Sérülésmentes,Benzin,37000,https://www.hasznaltauto.hu/szemelyauto/honda/civic/honda_civic_1_4_elegance_v-tec_start-stop_digit_klima-rafutas_gatlo_tempomat-16513643
136,HONDA CIVIC 1.4 Sport Navi KAMERA.LED.FRISS.SZERVIZ,4690000,2016,4.583000000000084,Kék (metál),1339,Manuális,99,73,12,Sérülésmentes,Benzin,65600,https://www.hasznaltauto.hu/szemelyauto/honda/civic/honda_civic_1_4_sport_navi_kamera_led_friss_szerviz-15759087
137,HONDA CIVIC 1.8 Sport Plus PDC-T.KAMERA-Ü.FÜ-TÉLI-NYÁRI FELNI GARNITÚRA 82.000 KM DIGITALIS SZ.KÖNYV!,4599000,2015,5.583000000000084,Fekete (metál),1798,Manuális,141,104,12,Sérülésmentes,Benzin,82666,https://www.hasznaltauto.hu/szemelyauto/honda/civic/honda_civic_1_8_sport_plus_pdc-t_kamera-u_fu-teli-nyari_felni_garnitura_82_000_km_digitalis_sz_konyv-16569685
138,HONDA CIVIC 1.4 Sport Navi Gyönyörű állapotban!,4590000,2016,4,Fehér (metál),1339,Manuális,99,73,12,Újszerű,Benzin,88222,https://www.hasznaltauto.hu/szemelyauto/honda/civic/honda_civic_1_4_sport_navi_gyonyoru_allapotban-16520946
139,HONDA CIVIC 1.8 Sport Mo-i - EGYGAZDÁS - CSUPÁN 33e km FUTÁS - 2023-IG GYÁRI GARANCIA!!!,4498000,2015,5.583000000000084,Barna (metál),1798,Manuális,141,104,12,Sérülésmentes,Benzin,33771,https://www.hasznaltauto.hu/szemelyauto/honda/civic/honda_civic_1_8_sport_mo-i_-_egygazdas_-_csupan_33e_km_futas_-_2023-ig_gyari_garancia-16531020
140,HONDA CIVIC 1.8 Sport MAGYARORSZÁGI! TOLATÓKAMERA. ÜLÉSFŰTÉS. TEMPOMAT!,4490000,2015,5.666000000000167,Ezüst (metál),1798,Manuális,141,104,12,Sérülésmentes,Benzin,82450,https://www.hasznaltauto.hu/szemelyauto/honda/civic/honda_civic_1_8_sport_magyarorszagi_tolatokamera_ulesfutes_tempomat-16492721
141,HONDA CIVIC 1.4 Comfort Magyarországi! ÁFA-s !!!,4490000,2016,4.166000000000167,Kék (metál),1339,Manuális,99,73,9,Normál,Benzin,104000,https://www.hasznaltauto.hu/szemelyauto/honda/civic/honda_civic_1_4_comfort_magyarorszagi_afa-s-16538330
142,HONDA CIVIC 1.8 Lifestyle ADAS Törésmentes-Leinformálható valós 95ekm,4390000,2015,5.416000000000167,Bordó (metál),1798,Manuális,141,104,12,Sérülésmentes,Benzin,95500,https://www.hasznaltauto.hu/szemelyauto/honda/civic/honda_civic_1_8_lifestyle_adas_toresmentes-leinformalhato_valos_95ekm-16255091
143,HONDA CIVIC 1.8 Lifestyle ADAS Törésmentes-Leinformálható valós 95ekm,4390000,2015,5.416000000000167,Bordó (metál),1798,Manuális,141,104,12,Sérülésmentes,Benzin,95500,https://www.hasznaltauto.hu/szemelyauto/honda/civic/honda_civic_1_8_lifestyle_adas_toresmentes-leinformalhato_valos_95ekm-16396921
144,HONDA CIVIC 1.4 Comfort 46 000km!!!,4330000,2016,4.416000000000167,null,1339,Manuális,99,73,6,Kitűnő,Benzin,46000,https://www.hasznaltauto.hu/szemelyauto/honda/civic/honda_civic_1_4_comfort_46_000km-16491570
145,HONDA CIVIC 1.6 i-DTEC Elegance EURO6 Törésmentes! 97ezerKm! Szervízkönyv!,4299999,2015,5.25,Barna (metál),1597,Manuális,120,88,5,Megkímélt,Dízel,97000,https://www.hasznaltauto.hu/szemelyauto/honda/civic/honda_civic_1_6_i-dtec_elegance_euro6_toresmentes_97ezerkm_szervizkonyv-16345859
146,HONDA CIVIC 1.6 i-DTEC Elegance EURO6 Led.Kamera.D.Klima.ŰL.Fű,4290000,2015,5.166000000000167,Piros,1597,Manuális,120,88,12,Sérülésmentes,Dízel,95700,https://www.hasznaltauto.hu/szemelyauto/honda/civic/honda_civic_1_6_i-dtec_elegance_euro6_led_kamera_d_klima_ul_fu-16343686
147,HONDA CIVIC 1.8 Sport Navi Magyar-Sok extra!,4290000,2016,4.333000000000084,Szürke (metál),1798,Manuális,141,104,10,Kitűnő,Benzin,93000,https://www.hasznaltauto.hu/szemelyauto/honda/civic/honda_civic_1_8_sport_navi_magyar-sok_extra-16569030
148,HONDA CIVIC 1.8 Elegance Leinformálható !,4190000,2015,5.666000000000167,Sötétkék (metál),1798,Manuális,141,104,11,Újszerű,Benzin,59000,https://www.hasznaltauto.hu/szemelyauto/honda/civic/honda_civic_1_8_elegance_leinformalhato-15848812
149,HONDA CIVIC 1.4 Elegance MAGYAR-1.TUL-Ü.FŰTÉS-LED-KAMERA-60e KM!,4190000,2015,5.25,Fehér,1339,Manuális,99,73,12,Normál,Benzin,60727,https://www.hasznaltauto.hu/szemelyauto/honda/civic/honda_civic_1_4_elegance_magyar-1_tul-u_futes-led-kamera-60e_km-16505657
150,HONDA CIVIC 1.8 Sport,4190000,2012,8.166000000000167,Fehér,1798,Manuális,141,104,6,Kitűnő,Benzin,60276,https://www.hasznaltauto.hu/szemelyauto/honda/civic/honda_civic_1_8_sport-16526857
151,HONDA CIVIC 1.4 S COMFORT LINE LED KM GARANCIA,4190000,2016,4.166000000000167,Piros,1339,Manuális,99,73,6,Normál,Benzin,68606,https://www.hasznaltauto.hu/szemelyauto/honda/civic/honda_civic_1_4_s_comfort_line_led_km_garancia-16542046
152,HONDA CIVIC 1.4 Comfort,4190000,2015,5.333000000000084,Bordó (metál),1339,Manuális,99,73,7,Újszerű,Benzin,64000,https://www.hasznaltauto.hu/szemelyauto/honda/civic/honda_civic_1_4_comfort-16554563
153,HONDA CIVIC 1.4 Comfort LEINFORMÁLHATÓ 95-EZER KM !,3999000,2016,4,Barna (metál),1339,Manuális,99,73,12,Megkímélt,Benzin,95400,https://www.hasznaltauto.hu/szemelyauto/honda/civic/honda_civic_1_4_comfort_leinformalhato_95-ezer_km-16519004
154,HONDA CIVIC 1.8 Executive GYÖNGYHÁZMETÁL.TOLATÓKAMERA.START-STOP.TEMPOMAT.ÜLÉSFŰTÉS.VONÓHOROG.SZERVIZKÖNYV,3999000,2014,6,Fehér (metál),1798,Manuális,141,104,12,Kitűnő,Benzin,119980,https://www.hasznaltauto.hu/szemelyauto/honda/civic/honda_civic_1_8_executive_gyongyhazmetal_tolatokamera_start-stop_tempomat_ulesfutes_vonohorog_szervizkonyv-16551736
155,HONDA CIVIC 1.8 Executive SZERVIZKÖNYV. XENON. BŐR. NAVI+KAMERA. PARK.RADAR. PANORÁMA TETŐ. ÜLÉSFŰTÉS,3990000,2012,8,Szürke (metál),1798,Manuális,141,104,12,Kitűnő,Benzin,95000,https://www.hasznaltauto.hu/szemelyauto/honda/civic/honda_civic_1_8_executive_szervizkonyv_xenon_bor_navi_plusz_kamera_park_radar_panorama_teto_ulesfutes-16258800
156,HONDA CIVIC 1.4 Comfort,3950000,2012,8.166000000000167,Fehér,1339,Manuális,99,73,6,Kitűnő,Benzin,57000,https://www.hasznaltauto.hu/szemelyauto/honda/civic/honda_civic_1_4_comfort-16401584
157,HONDA CIVIC 1.8 Sport Mo-i. 1. Tulajdonostól. Garázsban tartott,3890000,2014,5.916000000000167,Fehér (metál),1798,Manuális,141,104,6,Kitűnő,Benzin,140000,https://www.hasznaltauto.hu/szemelyauto/honda/civic/honda_civic_1_8_sport_mo-i_1_tulajdonostol_garazsban_tartott-16460589
158,HONDA CIVIC 1.8 Lifestyle,3890000,2014,6.666000000000167,Világosszürke (metál),1798,Manuális,141,104,5,Kitűnő,Benzin,62000,https://www.hasznaltauto.hu/szemelyauto/honda/civic/honda_civic_1_8_lifestyle-16568011
159,HONDA CIVIC 1.4 Comfort,3888000,2015,5.75,Piros,1339,Manuális,99,73,6,Újszerű,Benzin,27580,https://www.hasznaltauto.hu/szemelyauto/honda/civic/honda_civic_1_4_comfort-16385068
160,HONDA CIVIC 1.4 Elegance Ritka szín! Sérülésmentes! LED Facelift. Vonóhorog,3849000,2016,4,Narancs (metál),1339,Manuális,99,73,11,Újszerű,Benzin,112800,https://www.hasznaltauto.hu/szemelyauto/honda/civic/honda_civic_1_4_elegance_ritka_szin_serulesmentes_led_facelift_vonohorog-16544997
161,HONDA CIVIC 1.8 Sport,3790000,2013,7.583000000000084,Fehér,1798,Manuális,141,104,4,Normál,Benzin,96560,https://www.hasznaltauto.hu/szemelyauto/honda/civic/honda_civic_1_8_sport-16569255
162,HONDA CIVIC 1.4 Comfort NAVI.TEMPOMAT,3699000,2015,5.333000000000084,Ibolyakék (metál),1339,Manuális,99,73,10,Sérülésmentes,Benzin,69670,https://www.hasznaltauto.hu/szemelyauto/honda/civic/honda_civic_1_4_comfort_navi_tempomat-16371953
163,HONDA CIVIC 1.8 Sport,3699000,2012,8.583000000000084,Fekete (metál),1798,Manuális,141,104,12,Sérülésmentes,Benzin,92831,https://www.hasznaltauto.hu/szemelyauto/honda/civic/honda_civic_1_8_sport-16495431
164,HONDA CIVIC 1.4 Comfort ülésfűtés. tempomat,3699000,2015,5.666000000000167,Bordó (metál),1339,Manuális,99,73,6,Újszerű,Benzin,98600,https://www.hasznaltauto.hu/szemelyauto/honda/civic/honda_civic_1_4_comfort_ulesfutes_tempomat-16577342
165,HONDA CIVIC 1.4 Comfort 8 kerék,3695000,2014,6.416000000000167,Narancs (metál),1339,Manuális,99,73,12,Újszerű,Benzin,62900,https://www.hasznaltauto.hu/szemelyauto/honda/civic/honda_civic_1_4_comfort_8_kerek-16395367
166,HONDA CIVIC 1.4 Comfort,3650000,2015,4.916000000000167,Ezüst (metál),1339,Manuális,99,73,5,Kitűnő,Benzin,105000,https://www.hasznaltauto.hu/szemelyauto/honda/civic/honda_civic_1_4_comfort-16555421
167,HONDA CIVIC 2.0 Type-R Championship,3600000,2010,10.583000000000084,Fehér,1998,Manuális,201,148,6,Újszerű,Benzin,225000,https://www.hasznaltauto.hu/szemelyauto/honda/civic/honda_civic_2_0_type-r_championship-16425193
168,HONDA CIVIC 1.6 i-DTEC Elegance Navi 1 tulaj. sérülésmentes. szervizkönyves,3579000,2016,4.666000000000167,Ezüst (metál),1597,Manuális,120,88,12,Kitűnő,Dízel,172554,https://www.hasznaltauto.hu/szemelyauto/honda/civic/honda_civic_1_6_i-dtec_elegance_navi_1_tulaj_serulesmentes_szervizkonyves-16487605
169,HONDA CIVIC 1.4 Comfort,3500000,2012,8.583000000000084,Barna (metál),1339,Manuális,99,73,6,Kitűnő,Benzin,30000,https://www.hasznaltauto.hu/szemelyauto/honda/civic/honda_civic_1_4_comfort-16537689
170,HONDA CIVIC 1.4 Comfort 66ezer km.. szervizkönyv. 2 garnitúra alufelni,3499000,2013,7.083000000000084,null,1339,Manuális,99,73,12,Kitűnő,Benzin,66100,https://www.hasznaltauto.hu/szemelyauto/honda/civic/honda_civic_1_4_comfort_66ezer_km_szervizkonyv_2_garnitura_alufelni-16565117
171,HONDA CIVIC 1.4 Comfort Sport csomag,3460000,2014,6.416000000000167,Ezüst (metál),1339,Manuális,99,73,12,Kitűnő,Benzin,88312,https://www.hasznaltauto.hu/szemelyauto/honda/civic/honda_civic_1_4_comfort_sport_csomag-16034928
172,HONDA CIVIC 1.4 Comfort Plus Gyöngyházfehér!!!,3490000,2014,6.583000000000084,Fehér,1339,Manuális,99,73,5,Kitűnő,Benzin,70100,https://www.hasznaltauto.hu/szemelyauto/honda/civic/honda_civic_1_4_comfort_plus_gyongyhazfeher-16546561
173,HONDA CIVIC 2.2 CTDi Executive,3490000,2012,8.166000000000167,null,2199,Manuális,150,110,6,Kitűnő,Dízel,42000,https://www.hasznaltauto.hu/szemelyauto/honda/civic/honda_civic_2_2_ctdi_executive-16553975
174,HONDA CIVIC 1.8 Sport TEMPOMAT-TOLATÓKAMERA-93 000 KM !!,3480000,2013,7.166000000000167,Ezüst (metál),1798,Manuális,141,104,12,Megkímélt,Benzin,93000,https://www.hasznaltauto.hu/szemelyauto/honda/civic/honda_civic_1_8_sport_tempomat-tolatokamera-93_000_km-16528538
175,HONDA CIVIC 1.8 Sport (Automata) Leinformálható !,3390000,2012,8.5,Fekete (metál),1798,Automata,141,104,11,Kitűnő,Benzin,105000,https://www.hasznaltauto.hu/szemelyauto/honda/civic/honda_civic_1_8_sport_automata_leinformalhato-16203745
176,HONDA CIVIC 1.4 Comfort csak 49698km!!!,3390000,2013,7.583000000000084,Sötétszürke (metál),1339,Manuális,99,73,10,Kitűnő,Benzin,49698,https://www.hasznaltauto.hu/szemelyauto/honda/civic/honda_civic_1_4_comfort_csak_49698km-16533168
178,HONDA CIVIC 1.6 i-DTEC Sport,3379000,2014,6.666000000000167,null,1597,Manuális,120,88,6,Kitűnő,Dízel,133000,https://www.hasznaltauto.hu/szemelyauto/honda/civic/honda_civic_1_6_i-dtec_sport-16367657
179,HONDA CIVIC 1.8 Sport TEMPOMAT-KAMERA-SZ-KÖNYV-ÜLÉSFŰTÉS,3339000,2013,7.583000000000084,Piros (metál),1798,Manuális,141,104,12,Normál,Benzin,133000,https://www.hasznaltauto.hu/szemelyauto/honda/civic/honda_civic_1_8_sport_tempomat-kamera-sz-konyv-ulesfutes-16548206
180,HONDA CIVIC 2.2 CTDi Executive SZERVÍZKÖNYV.RITKASÁG.FIX ÁRON.VALÓDI EXECUTIVE!SÉRÜLÉS MENTES ÁLLAPOTBAN!BIXENO,3299000,2012,8,Fehér (metál),2199,Manuális,150,110,10,Sérülésmentes,Dízel,97000,https://www.hasznaltauto.hu/szemelyauto/honda/civic/honda_civic_2_2_ctdi_executive_szervizkonyv_ritkasag_fix_aron_valodi_executiveserules_mentes_allapotbanbixeno-13773764
181,HONDA CIVIC 1.8 Sport 115.000KM!!!NAVIGÁCIÓ!!!TOLATÓKAMERA!!!,3299000,2012,7.833000000000084,null,1798,Manuális,141,104,10,Normál,Benzin,115000,https://www.hasznaltauto.hu/szemelyauto/honda/civic/honda_civic_1_8_sport_115_000kmnavigaciotolatokamera-16494785
182,HONDA CIVIC 1.8 Executive,3290000,2012,8.583000000000084,null,1798,Manuális,141,104,6,Normál,Benzin,136372,https://www.hasznaltauto.hu/szemelyauto/honda/civic/honda_civic_1_8_executive-16395937
183,HONDA CIVIC 1.4 Sport SZERV.KÖNYV-SÉRÜLÉSM-98eKM,3290000,2013,7.083000000000084,Fekete (metál),1339,Manuális,99,73,12,Kitűnő,Benzin,98734,https://www.hasznaltauto.hu/szemelyauto/honda/civic/honda_civic_1_4_sport_szerv_konyv-serulesm-98ekm-16529155
184,HONDA CIVIC 1.4 Comfort,3200000,2012,8.5,Fehér,1339,Manuális,99,73,6,Normál,Benzin,75000,https://www.hasznaltauto.hu/szemelyauto/honda/civic/honda_civic_1_4_comfort-16443976
185,HONDA CIVIC 1.6 i-DTEC Sport,3199000,2014,6.083000000000084,Fekete,1597,Manuális,120,88,6,Újszerű,Dízel,178000,https://www.hasznaltauto.hu/szemelyauto/honda/civic/honda_civic_1_6_i-dtec_sport-16200715
186,HONDA CIVIC 1.8 Sport 50 Years Edition,3199000,2011,9.25,Piros,1799,Manuális,140,103,12,Újszerű,Benzin,119330,https://www.hasznaltauto.hu/szemelyauto/honda/civic/honda_civic_1_8_sport_50_years_edition-16490135
187,HONDA CIVIC 1.4 Comfort Plus Szervízkönyv. Magyarországi,3190000,2014,6.416000000000167,Barna (metál),1339,Manuális,99,73,12,Normál,Benzin,99000,https://www.hasznaltauto.hu/szemelyauto/honda/civic/honda_civic_1_4_comfort_plus_szervizkonyv_magyarorszagi-16517978
188,HONDA CIVIC 1.8 Sport Magyar Egy Tulaj Szép!,3190000,2012,8.083000000000084,Fehér (metál),1798,Manuális,141,104,12,Kitűnő,Benzin,165000,https://www.hasznaltauto.hu/szemelyauto/honda/civic/honda_civic_1_8_sport_magyar_egy_tulaj_szep-16557934
189,HONDA CIVIC 1.6 CTDi Lifestyle,3188000,2014,6.666000000000167,Fekete (metál),1597,Manuális,120,88,6,Normál,Dízel,204000,https://www.hasznaltauto.hu/szemelyauto/honda/civic/honda_civic_1_6_ctdi_lifestyle-16498413
190,HONDA CIVIC 2.2 CTDi Lifestyle FK3,3160000,2013,7.333000000000084,Fekete,2199,Manuális,150,110,6,Kitűnő,Dízel,198000,https://www.hasznaltauto.hu/szemelyauto/honda/civic/honda_civic_2_2_ctdi_lifestyle_fk3-16303467
191,HONDA CIVIC 1.4 Comfort,3149000,2013,7.416000000000167,Piros,1339,Manuális,99,73,7,Sérülésmentes,Benzin,99345,https://www.hasznaltauto.hu/szemelyauto/honda/civic/honda_civic_1_4_comfort-16430036
192,HONDA CIVIC Civic 1.4i VTEC Comfort 100LE - 97960km!!!,8500,2012,8.5,Fehér (metál),1339,Manuális,99,73,6,Kitűnő,Benzin,97960,https://www.hasznaltauto.hu/szemelyauto/honda/civic/honda_civic_civic_1_4i_vtec_comfort_100le_-_97960km-16260572
193,HONDA CIVIC 1.4 Sport,3090000,2013,7.5,Piros,1339,Manuális,99,73,6,Újszerű,Benzin,142000,https://www.hasznaltauto.hu/szemelyauto/honda/civic/honda_civic_1_4_sport-16410693
194,HONDA CIVIC 1.4 Comfort,3000000,2012,7.833000000000084,Fehér,1339,Manuális,99,73,6,Újszerű,Benzin,66000,https://www.hasznaltauto.hu/szemelyauto/honda/civic/honda_civic_1_4_comfort-15690836
